2026-01-19 00:47:45 | INFO     | ============================================================
2026-01-19 00:47:45 | INFO     | Webhook Dispatcher Agent started
2026-01-19 00:47:45 | INFO     | Input: C:\Users\Admin\OneDrive\Desktop\AI_Employee_Vault\In_Progress
2026-01-19 00:47:45 | INFO     | Plans: C:\Users\Admin\OneDrive\Desktop\AI_Employee_Vault\Plans
2026-01-19 00:47:45 | INFO     | Webhook: http://localhost:8000/webhook
2026-01-19 00:47:45 | INFO     | Completed: C:\Users\Admin\OneDrive\Desktop\AI_Employee_Vault\Completed
2026-01-19 00:47:45 | INFO     | Failed: C:\Users\Admin\OneDrive\Desktop\AI_Employee_Vault\Failed
2026-01-19 00:47:45 | INFO     | ============================================================
2026-01-19 00:47:45 | INFO     | No tasks found in In_Progress directory
2026-01-19 00:53:09 | INFO     | ============================================================
2026-01-19 00:53:09 | INFO     | Webhook Dispatcher Agent started
2026-01-19 00:53:09 | INFO     | Input: C:\Users\Admin\OneDrive\Desktop\AI_Employee_Vault\In_Progress
2026-01-19 00:53:09 | INFO     | Plans: C:\Users\Admin\OneDrive\Desktop\AI_Employee_Vault\Plans
2026-01-19 00:53:09 | INFO     | Webhook: http://localhost:8000/webhook
2026-01-19 00:53:09 | INFO     | Completed: C:\Users\Admin\OneDrive\Desktop\AI_Employee_Vault\Completed
2026-01-19 00:53:09 | INFO     | Failed: C:\Users\Admin\OneDrive\Desktop\AI_Employee_Vault\Failed
2026-01-19 00:53:09 | INFO     | ============================================================
2026-01-19 00:53:09 | INFO     | Found 1 task(s) to dispatch
2026-01-19 00:53:09 | ERROR    | BLOCKED: task_001.plan has no plan
2026-01-19 00:53:09 | INFO     | Webhook Dispatcher completed: 0 success, 1 failed, 0 errors
2026-01-19 00:53:09 | INFO     | ============================================================
2026-01-19 00:57:57 | INFO     | ============================================================
2026-01-19 00:57:57 | INFO     | Webhook Dispatcher Agent started
2026-01-19 00:57:57 | INFO     | Input: C:\Users\Admin\OneDrive\Desktop\AI_Employee_Vault\In_Progress
2026-01-19 00:57:57 | INFO     | Plans: C:\Users\Admin\OneDrive\Desktop\AI_Employee_Vault\Plans
2026-01-19 00:57:57 | INFO     | Webhook: http://localhost:8000/webhook
2026-01-19 00:57:57 | INFO     | Completed: C:\Users\Admin\OneDrive\Desktop\AI_Employee_Vault\Completed
2026-01-19 00:57:57 | INFO     | Failed: C:\Users\Admin\OneDrive\Desktop\AI_Employee_Vault\Failed
2026-01-19 00:57:57 | INFO     | ============================================================
2026-01-19 00:57:57 | INFO     | No tasks found in In_Progress directory
2026-01-19 02:01:15 | INFO     | ============================================================
2026-01-19 02:01:15 | INFO     | Webhook Dispatcher Agent started
2026-01-19 02:01:15 | INFO     | Input: C:\Users\Admin\OneDrive\Desktop\AI_Employee_Vault\In_Progress
2026-01-19 02:01:15 | INFO     | Plans: C:\Users\Admin\OneDrive\Desktop\AI_Employee_Vault\Plans
2026-01-19 02:01:15 | INFO     | Webhook: http://localhost:8000/webhook
2026-01-19 02:01:15 | INFO     | Completed: C:\Users\Admin\OneDrive\Desktop\AI_Employee_Vault\Completed
2026-01-19 02:01:15 | INFO     | Failed: C:\Users\Admin\OneDrive\Desktop\AI_Employee_Vault\Failed
2026-01-19 02:01:15 | INFO     | ============================================================
2026-01-19 02:01:15 | INFO     | Found 1 task(s) to dispatch
2026-01-19 02:01:15 | INFO     | SENDING: task_100 to http://localhost:8000/webhook
2026-01-19 02:01:19 | ERROR    | FAILED: task_100 webhook error 0
2026-01-19 02:01:19 | INFO     | Webhook Dispatcher completed: 0 success, 1 failed, 0 errors
2026-01-19 02:01:19 | INFO     | ============================================================
2026-01-19 02:04:46 | INFO     | ============================================================
2026-01-19 02:04:46 | INFO     | Webhook Dispatcher Agent started
2026-01-19 02:04:46 | INFO     | Input: C:\Users\Admin\OneDrive\Desktop\AI_Employee_Vault\In_Progress
2026-01-19 02:04:46 | INFO     | Plans: C:\Users\Admin\OneDrive\Desktop\AI_Employee_Vault\Plans
2026-01-19 02:04:46 | INFO     | Webhook: http://localhost:8000/webhook
2026-01-19 02:04:46 | INFO     | Completed: C:\Users\Admin\OneDrive\Desktop\AI_Employee_Vault\Completed
2026-01-19 02:04:46 | INFO     | Failed: C:\Users\Admin\OneDrive\Desktop\AI_Employee_Vault\Failed
2026-01-19 02:04:46 | INFO     | ============================================================
2026-01-19 02:04:46 | INFO     | No tasks found in In_Progress directory
2026-01-19 02:22:09 | INFO     | ============================================================
2026-01-19 02:22:09 | INFO     | Webhook Dispatcher Agent started
2026-01-19 02:22:09 | INFO     | Input: C:\Users\Admin\OneDrive\Desktop\AI_Employee_Vault\In_Progress
2026-01-19 02:22:09 | INFO     | Plans: C:\Users\Admin\OneDrive\Desktop\AI_Employee_Vault\Plans
2026-01-19 02:22:09 | INFO     | Webhook: http://localhost:8000/webhook
2026-01-19 02:22:09 | INFO     | Completed: C:\Users\Admin\OneDrive\Desktop\AI_Employee_Vault\Completed
2026-01-19 02:22:09 | INFO     | Failed: C:\Users\Admin\OneDrive\Desktop\AI_Employee_Vault\Failed
2026-01-19 02:22:09 | INFO     | ============================================================
2026-01-19 02:22:09 | INFO     | Found 1 task(s) to dispatch
2026-01-19 02:22:09 | INFO     | SENDING: task_100 to http://localhost:8000/webhook
2026-01-19 02:22:11 | INFO     | SUCCESS: task_100 sent to webhook
2026-01-19 02:22:11 | INFO     | Webhook Dispatcher completed: 1 success, 0 failed, 0 errors
2026-01-19 02:22:11 | INFO     | ============================================================
2026-02-03 21:19:22 | INFO     | ============================================================
2026-02-03 21:19:22 | INFO     | Webhook Dispatcher Agent started
2026-02-03 21:19:22 | INFO     | Input: C:\Users\Admin\OneDrive\Desktop\AI_Employee_Vault\In_Progress
2026-02-03 21:19:22 | INFO     | Plans: C:\Users\Admin\OneDrive\Desktop\AI_Employee_Vault\Plans
2026-02-03 21:19:22 | INFO     | Webhook: http://localhost:8000/webhook
2026-02-03 21:19:22 | INFO     | Done: C:\Users\Admin\OneDrive\Desktop\AI_Employee_Vault\Done
2026-02-03 21:19:22 | INFO     | Failed: C:\Users\Admin\OneDrive\Desktop\AI_Employee_Vault\Failed
2026-02-03 21:19:22 | INFO     | ============================================================
2026-02-03 22:01:13 | INFO     | ============================================================
2026-02-03 22:01:13 | INFO     | Webhook Dispatcher Agent started
2026-02-03 22:01:13 | INFO     | Input: C:\Users\Admin\OneDrive\Desktop\AI_Employee_Vault\In_Progress
2026-02-03 22:01:13 | INFO     | Plans: C:\Users\Admin\OneDrive\Desktop\AI_Employee_Vault\Plans
2026-02-03 22:01:13 | INFO     | Webhook: http://localhost:8000/webhook
2026-02-03 22:01:13 | INFO     | Done: C:\Users\Admin\OneDrive\Desktop\AI_Employee_Vault\Done
2026-02-03 22:01:13 | INFO     | Failed: C:\Users\Admin\OneDrive\Desktop\AI_Employee_Vault\Failed
2026-02-03 22:01:13 | INFO     | ============================================================
2026-02-03 22:01:13 | INFO     | Found 3 task(s) to dispatch
2026-02-03 22:01:13 | INFO     | SENDING: task_test_quote to http://localhost:8000/webhook
2026-02-03 22:01:17 | INFO     | SUCCESS: task_test_quote sent to webhook
2026-02-03 22:01:17 | ERROR    | BLOCKED: task_webhook_test has no plan
2026-02-03 22:01:17 | ERROR    | BLOCKED: test_email has no plan
2026-02-03 22:01:17 | INFO     | Webhook Dispatcher completed: 1 success, 2 failed, 0 errors
2026-02-03 22:01:17 | INFO     | ============================================================
2026-02-05 12:18:39 | INFO     | ============================================================
2026-02-05 12:18:39 | INFO     | Webhook Dispatcher Agent started
2026-02-05 12:18:39 | INFO     | Input: C:\Users\Admin\OneDrive\Desktop\AI_Employee_Vault\In_Progress
2026-02-05 12:18:39 | INFO     | Plans: C:\Users\Admin\OneDrive\Desktop\AI_Employee_Vault\Plans
2026-02-05 12:18:39 | INFO     | Webhook: http://localhost:8000/webhook
2026-02-05 12:18:39 | INFO     | Done: C:\Users\Admin\OneDrive\Desktop\AI_Employee_Vault\Done
2026-02-05 12:18:39 | INFO     | Failed: C:\Users\Admin\OneDrive\Desktop\AI_Employee_Vault\Failed
2026-02-05 12:18:39 | INFO     | ============================================================
2026-02-05 12:19:11 | INFO     | ============================================================
2026-02-05 12:19:11 | INFO     | Webhook Dispatcher Agent started
2026-02-05 12:19:11 | INFO     | Input: C:\Users\Admin\OneDrive\Desktop\AI_Employee_Vault\In_Progress
2026-02-05 12:19:11 | INFO     | Plans: C:\Users\Admin\OneDrive\Desktop\AI_Employee_Vault\Plans
2026-02-05 12:19:11 | INFO     | Webhook: http://localhost:8000/webhook
2026-02-05 12:19:11 | INFO     | Done: C:\Users\Admin\OneDrive\Desktop\AI_Employee_Vault\Done
2026-02-05 12:19:11 | INFO     | Failed: C:\Users\Admin\OneDrive\Desktop\AI_Employee_Vault\Failed
2026-02-05 12:19:11 | INFO     | ============================================================
2026-02-05 12:19:42 | INFO     | ============================================================
2026-02-05 12:19:42 | INFO     | Webhook Dispatcher Agent started
2026-02-05 12:19:42 | INFO     | Input: C:\Users\Admin\OneDrive\Desktop\AI_Employee_Vault\In_Progress
2026-02-05 12:19:42 | INFO     | Plans: C:\Users\Admin\OneDrive\Desktop\AI_Employee_Vault\Plans
2026-02-05 12:19:42 | INFO     | Webhook: http://localhost:8000/webhook
2026-02-05 12:19:42 | INFO     | Done: C:\Users\Admin\OneDrive\Desktop\AI_Employee_Vault\Done
2026-02-05 12:19:42 | INFO     | Failed: C:\Users\Admin\OneDrive\Desktop\AI_Employee_Vault\Failed
2026-02-05 12:19:42 | INFO     | ============================================================
2026-02-05 12:20:14 | INFO     | ============================================================
2026-02-05 12:20:14 | INFO     | Webhook Dispatcher Agent started
2026-02-05 12:20:14 | INFO     | Input: C:\Users\Admin\OneDrive\Desktop\AI_Employee_Vault\In_Progress
2026-02-05 12:20:14 | INFO     | Plans: C:\Users\Admin\OneDrive\Desktop\AI_Employee_Vault\Plans
2026-02-05 12:20:14 | INFO     | Webhook: http://localhost:8000/webhook
2026-02-05 12:20:14 | INFO     | Done: C:\Users\Admin\OneDrive\Desktop\AI_Employee_Vault\Done
2026-02-05 12:20:14 | INFO     | Failed: C:\Users\Admin\OneDrive\Desktop\AI_Employee_Vault\Failed
2026-02-05 12:20:14 | INFO     | ============================================================
2026-02-05 12:20:46 | INFO     | ============================================================
2026-02-05 12:20:46 | INFO     | Webhook Dispatcher Agent started
2026-02-05 12:20:46 | INFO     | Input: C:\Users\Admin\OneDrive\Desktop\AI_Employee_Vault\In_Progress
2026-02-05 12:20:46 | INFO     | Plans: C:\Users\Admin\OneDrive\Desktop\AI_Employee_Vault\Plans
2026-02-05 12:20:46 | INFO     | Webhook: http://localhost:8000/webhook
2026-02-05 12:20:46 | INFO     | Done: C:\Users\Admin\OneDrive\Desktop\AI_Employee_Vault\Done
2026-02-05 12:20:46 | INFO     | Failed: C:\Users\Admin\OneDrive\Desktop\AI_Employee_Vault\Failed
2026-02-05 12:20:46 | INFO     | ============================================================
2026-02-05 12:21:18 | INFO     | ============================================================
2026-02-05 12:21:18 | INFO     | Webhook Dispatcher Agent started
2026-02-05 12:21:18 | INFO     | Input: C:\Users\Admin\OneDrive\Desktop\AI_Employee_Vault\In_Progress
2026-02-05 12:21:18 | INFO     | Plans: C:\Users\Admin\OneDrive\Desktop\AI_Employee_Vault\Plans
2026-02-05 12:21:18 | INFO     | Webhook: http://localhost:8000/webhook
2026-02-05 12:21:18 | INFO     | Done: C:\Users\Admin\OneDrive\Desktop\AI_Employee_Vault\Done
2026-02-05 12:21:18 | INFO     | Failed: C:\Users\Admin\OneDrive\Desktop\AI_Employee_Vault\Failed
2026-02-05 12:21:18 | INFO     | ============================================================
2026-02-05 12:21:49 | INFO     | ============================================================
2026-02-05 12:21:49 | INFO     | Webhook Dispatcher Agent started
2026-02-05 12:21:49 | INFO     | Input: C:\Users\Admin\OneDrive\Desktop\AI_Employee_Vault\In_Progress
2026-02-05 12:21:49 | INFO     | Plans: C:\Users\Admin\OneDrive\Desktop\AI_Employee_Vault\Plans
2026-02-05 12:21:49 | INFO     | Webhook: http://localhost:8000/webhook
2026-02-05 12:21:49 | INFO     | Done: C:\Users\Admin\OneDrive\Desktop\AI_Employee_Vault\Done
2026-02-05 12:21:49 | INFO     | Failed: C:\Users\Admin\OneDrive\Desktop\AI_Employee_Vault\Failed
2026-02-05 12:21:49 | INFO     | ============================================================
2026-02-05 12:22:21 | INFO     | ============================================================
2026-02-05 12:22:21 | INFO     | Webhook Dispatcher Agent started
2026-02-05 12:22:21 | INFO     | Input: C:\Users\Admin\OneDrive\Desktop\AI_Employee_Vault\In_Progress
2026-02-05 12:22:21 | INFO     | Plans: C:\Users\Admin\OneDrive\Desktop\AI_Employee_Vault\Plans
2026-02-05 12:22:21 | INFO     | Webhook: http://localhost:8000/webhook
2026-02-05 12:22:21 | INFO     | Done: C:\Users\Admin\OneDrive\Desktop\AI_Employee_Vault\Done
2026-02-05 12:22:21 | INFO     | Failed: C:\Users\Admin\OneDrive\Desktop\AI_Employee_Vault\Failed
2026-02-05 12:22:21 | INFO     | ============================================================
2026-02-05 12:22:53 | INFO     | ============================================================
2026-02-05 12:22:53 | INFO     | Webhook Dispatcher Agent started
2026-02-05 12:22:53 | INFO     | Input: C:\Users\Admin\OneDrive\Desktop\AI_Employee_Vault\In_Progress
2026-02-05 12:22:53 | INFO     | Plans: C:\Users\Admin\OneDrive\Desktop\AI_Employee_Vault\Plans
2026-02-05 12:22:53 | INFO     | Webhook: http://localhost:8000/webhook
2026-02-05 12:22:53 | INFO     | Done: C:\Users\Admin\OneDrive\Desktop\AI_Employee_Vault\Done
2026-02-05 12:22:53 | INFO     | Failed: C:\Users\Admin\OneDrive\Desktop\AI_Employee_Vault\Failed
2026-02-05 12:22:53 | INFO     | ============================================================
2026-02-05 12:23:25 | INFO     | ============================================================
2026-02-05 12:23:25 | INFO     | Webhook Dispatcher Agent started
2026-02-05 12:23:25 | INFO     | Input: C:\Users\Admin\OneDrive\Desktop\AI_Employee_Vault\In_Progress
2026-02-05 12:23:25 | INFO     | Plans: C:\Users\Admin\OneDrive\Desktop\AI_Employee_Vault\Plans
2026-02-05 12:23:25 | INFO     | Webhook: http://localhost:8000/webhook
2026-02-05 12:23:25 | INFO     | Done: C:\Users\Admin\OneDrive\Desktop\AI_Employee_Vault\Done
2026-02-05 12:23:25 | INFO     | Failed: C:\Users\Admin\OneDrive\Desktop\AI_Employee_Vault\Failed
2026-02-05 12:23:25 | INFO     | ============================================================
2026-02-05 12:23:57 | INFO     | ============================================================
2026-02-05 12:23:57 | INFO     | Webhook Dispatcher Agent started
2026-02-05 12:23:57 | INFO     | Input: C:\Users\Admin\OneDrive\Desktop\AI_Employee_Vault\In_Progress
2026-02-05 12:23:57 | INFO     | Plans: C:\Users\Admin\OneDrive\Desktop\AI_Employee_Vault\Plans
2026-02-05 12:23:57 | INFO     | Webhook: http://localhost:8000/webhook
2026-02-05 12:23:57 | INFO     | Done: C:\Users\Admin\OneDrive\Desktop\AI_Employee_Vault\Done
2026-02-05 12:23:57 | INFO     | Failed: C:\Users\Admin\OneDrive\Desktop\AI_Employee_Vault\Failed
2026-02-05 12:23:57 | INFO     | ============================================================
2026-02-05 12:24:28 | INFO     | ============================================================
2026-02-05 12:24:28 | INFO     | Webhook Dispatcher Agent started
2026-02-05 12:24:28 | INFO     | Input: C:\Users\Admin\OneDrive\Desktop\AI_Employee_Vault\In_Progress
2026-02-05 12:24:28 | INFO     | Plans: C:\Users\Admin\OneDrive\Desktop\AI_Employee_Vault\Plans
2026-02-05 12:24:28 | INFO     | Webhook: http://localhost:8000/webhook
2026-02-05 12:24:28 | INFO     | Done: C:\Users\Admin\OneDrive\Desktop\AI_Employee_Vault\Done
2026-02-05 12:24:28 | INFO     | Failed: C:\Users\Admin\OneDrive\Desktop\AI_Employee_Vault\Failed
2026-02-05 12:24:28 | INFO     | ============================================================
2026-02-05 12:25:00 | INFO     | ============================================================
2026-02-05 12:25:00 | INFO     | Webhook Dispatcher Agent started
2026-02-05 12:25:00 | INFO     | Input: C:\Users\Admin\OneDrive\Desktop\AI_Employee_Vault\In_Progress
2026-02-05 12:25:00 | INFO     | Plans: C:\Users\Admin\OneDrive\Desktop\AI_Employee_Vault\Plans
2026-02-05 12:25:00 | INFO     | Webhook: http://localhost:8000/webhook
2026-02-05 12:25:00 | INFO     | Done: C:\Users\Admin\OneDrive\Desktop\AI_Employee_Vault\Done
2026-02-05 12:25:00 | INFO     | Failed: C:\Users\Admin\OneDrive\Desktop\AI_Employee_Vault\Failed
2026-02-05 12:25:00 | INFO     | ============================================================
2026-02-05 12:25:31 | INFO     | ============================================================
2026-02-05 12:25:31 | INFO     | Webhook Dispatcher Agent started
2026-02-05 12:25:31 | INFO     | Input: C:\Users\Admin\OneDrive\Desktop\AI_Employee_Vault\In_Progress
2026-02-05 12:25:31 | INFO     | Plans: C:\Users\Admin\OneDrive\Desktop\AI_Employee_Vault\Plans
2026-02-05 12:25:31 | INFO     | Webhook: http://localhost:8000/webhook
2026-02-05 12:25:31 | INFO     | Done: C:\Users\Admin\OneDrive\Desktop\AI_Employee_Vault\Done
2026-02-05 12:25:31 | INFO     | Failed: C:\Users\Admin\OneDrive\Desktop\AI_Employee_Vault\Failed
2026-02-05 12:25:31 | INFO     | ============================================================
2026-02-05 12:26:03 | INFO     | ============================================================
2026-02-05 12:26:03 | INFO     | Webhook Dispatcher Agent started
2026-02-05 12:26:03 | INFO     | Input: C:\Users\Admin\OneDrive\Desktop\AI_Employee_Vault\In_Progress
2026-02-05 12:26:03 | INFO     | Plans: C:\Users\Admin\OneDrive\Desktop\AI_Employee_Vault\Plans
2026-02-05 12:26:03 | INFO     | Webhook: http://localhost:8000/webhook
2026-02-05 12:26:03 | INFO     | Done: C:\Users\Admin\OneDrive\Desktop\AI_Employee_Vault\Done
2026-02-05 12:26:03 | INFO     | Failed: C:\Users\Admin\OneDrive\Desktop\AI_Employee_Vault\Failed
2026-02-05 12:26:03 | INFO     | ============================================================
2026-02-05 12:26:34 | INFO     | ============================================================
2026-02-05 12:26:34 | INFO     | Webhook Dispatcher Agent started
2026-02-05 12:26:34 | INFO     | Input: C:\Users\Admin\OneDrive\Desktop\AI_Employee_Vault\In_Progress
2026-02-05 12:26:34 | INFO     | Plans: C:\Users\Admin\OneDrive\Desktop\AI_Employee_Vault\Plans
2026-02-05 12:26:34 | INFO     | Webhook: http://localhost:8000/webhook
2026-02-05 12:26:34 | INFO     | Done: C:\Users\Admin\OneDrive\Desktop\AI_Employee_Vault\Done
2026-02-05 12:26:34 | INFO     | Failed: C:\Users\Admin\OneDrive\Desktop\AI_Employee_Vault\Failed
2026-02-05 12:26:34 | INFO     | ============================================================
2026-02-05 12:27:06 | INFO     | ============================================================
2026-02-05 12:27:06 | INFO     | Webhook Dispatcher Agent started
2026-02-05 12:27:06 | INFO     | Input: C:\Users\Admin\OneDrive\Desktop\AI_Employee_Vault\In_Progress
2026-02-05 12:27:06 | INFO     | Plans: C:\Users\Admin\OneDrive\Desktop\AI_Employee_Vault\Plans
2026-02-05 12:27:06 | INFO     | Webhook: http://localhost:8000/webhook
2026-02-05 12:27:06 | INFO     | Done: C:\Users\Admin\OneDrive\Desktop\AI_Employee_Vault\Done
2026-02-05 12:27:06 | INFO     | Failed: C:\Users\Admin\OneDrive\Desktop\AI_Employee_Vault\Failed
2026-02-05 12:27:06 | INFO     | ============================================================
2026-02-05 12:27:37 | INFO     | ============================================================
2026-02-05 12:27:37 | INFO     | Webhook Dispatcher Agent started
2026-02-05 12:27:37 | INFO     | Input: C:\Users\Admin\OneDrive\Desktop\AI_Employee_Vault\In_Progress
2026-02-05 12:27:37 | INFO     | Plans: C:\Users\Admin\OneDrive\Desktop\AI_Employee_Vault\Plans
2026-02-05 12:27:37 | INFO     | Webhook: http://localhost:8000/webhook
2026-02-05 12:27:37 | INFO     | Done: C:\Users\Admin\OneDrive\Desktop\AI_Employee_Vault\Done
2026-02-05 12:27:37 | INFO     | Failed: C:\Users\Admin\OneDrive\Desktop\AI_Employee_Vault\Failed
2026-02-05 12:27:37 | INFO     | ============================================================
2026-02-05 12:28:09 | INFO     | ============================================================
2026-02-05 12:28:09 | INFO     | Webhook Dispatcher Agent started
2026-02-05 12:28:09 | INFO     | Input: C:\Users\Admin\OneDrive\Desktop\AI_Employee_Vault\In_Progress
2026-02-05 12:28:09 | INFO     | Plans: C:\Users\Admin\OneDrive\Desktop\AI_Employee_Vault\Plans
2026-02-05 12:28:09 | INFO     | Webhook: http://localhost:8000/webhook
2026-02-05 12:28:09 | INFO     | Done: C:\Users\Admin\OneDrive\Desktop\AI_Employee_Vault\Done
2026-02-05 12:28:09 | INFO     | Failed: C:\Users\Admin\OneDrive\Desktop\AI_Employee_Vault\Failed
2026-02-05 12:28:09 | INFO     | ============================================================
2026-02-05 12:28:41 | INFO     | ============================================================
2026-02-05 12:28:41 | INFO     | Webhook Dispatcher Agent started
2026-02-05 12:28:41 | INFO     | Input: C:\Users\Admin\OneDrive\Desktop\AI_Employee_Vault\In_Progress
2026-02-05 12:28:41 | INFO     | Plans: C:\Users\Admin\OneDrive\Desktop\AI_Employee_Vault\Plans
2026-02-05 12:28:41 | INFO     | Webhook: http://localhost:8000/webhook
2026-02-05 12:28:41 | INFO     | Done: C:\Users\Admin\OneDrive\Desktop\AI_Employee_Vault\Done
2026-02-05 12:28:41 | INFO     | Failed: C:\Users\Admin\OneDrive\Desktop\AI_Employee_Vault\Failed
2026-02-05 12:28:41 | INFO     | ============================================================
2026-02-05 12:29:12 | INFO     | ============================================================
2026-02-05 12:29:12 | INFO     | Webhook Dispatcher Agent started
2026-02-05 12:29:12 | INFO     | Input: C:\Users\Admin\OneDrive\Desktop\AI_Employee_Vault\In_Progress
2026-02-05 12:29:12 | INFO     | Plans: C:\Users\Admin\OneDrive\Desktop\AI_Employee_Vault\Plans
2026-02-05 12:29:12 | INFO     | Webhook: http://localhost:8000/webhook
2026-02-05 12:29:12 | INFO     | Done: C:\Users\Admin\OneDrive\Desktop\AI_Employee_Vault\Done
2026-02-05 12:29:12 | INFO     | Failed: C:\Users\Admin\OneDrive\Desktop\AI_Employee_Vault\Failed
2026-02-05 12:29:12 | INFO     | ============================================================
2026-02-05 12:29:43 | INFO     | ============================================================
2026-02-05 12:29:43 | INFO     | Webhook Dispatcher Agent started
2026-02-05 12:29:43 | INFO     | Input: C:\Users\Admin\OneDrive\Desktop\AI_Employee_Vault\In_Progress
2026-02-05 12:29:43 | INFO     | Plans: C:\Users\Admin\OneDrive\Desktop\AI_Employee_Vault\Plans
2026-02-05 12:29:43 | INFO     | Webhook: http://localhost:8000/webhook
2026-02-05 12:29:43 | INFO     | Done: C:\Users\Admin\OneDrive\Desktop\AI_Employee_Vault\Done
2026-02-05 12:29:43 | INFO     | Failed: C:\Users\Admin\OneDrive\Desktop\AI_Employee_Vault\Failed
2026-02-05 12:29:43 | INFO     | ============================================================
2026-02-05 12:30:14 | INFO     | ============================================================
2026-02-05 12:30:14 | INFO     | Webhook Dispatcher Agent started
2026-02-05 12:30:14 | INFO     | Input: C:\Users\Admin\OneDrive\Desktop\AI_Employee_Vault\In_Progress
2026-02-05 12:30:14 | INFO     | Plans: C:\Users\Admin\OneDrive\Desktop\AI_Employee_Vault\Plans
2026-02-05 12:30:14 | INFO     | Webhook: http://localhost:8000/webhook
2026-02-05 12:30:14 | INFO     | Done: C:\Users\Admin\OneDrive\Desktop\AI_Employee_Vault\Done
2026-02-05 12:30:14 | INFO     | Failed: C:\Users\Admin\OneDrive\Desktop\AI_Employee_Vault\Failed
2026-02-05 12:30:14 | INFO     | ============================================================
2026-02-05 12:30:46 | INFO     | ============================================================
2026-02-05 12:30:46 | INFO     | Webhook Dispatcher Agent started
2026-02-05 12:30:46 | INFO     | Input: C:\Users\Admin\OneDrive\Desktop\AI_Employee_Vault\In_Progress
2026-02-05 12:30:46 | INFO     | Plans: C:\Users\Admin\OneDrive\Desktop\AI_Employee_Vault\Plans
2026-02-05 12:30:46 | INFO     | Webhook: http://localhost:8000/webhook
2026-02-05 12:30:46 | INFO     | Done: C:\Users\Admin\OneDrive\Desktop\AI_Employee_Vault\Done
2026-02-05 12:30:46 | INFO     | Failed: C:\Users\Admin\OneDrive\Desktop\AI_Employee_Vault\Failed
2026-02-05 12:30:46 | INFO     | ============================================================
2026-02-05 12:31:17 | INFO     | ============================================================
2026-02-05 12:31:17 | INFO     | Webhook Dispatcher Agent started
2026-02-05 12:31:17 | INFO     | Input: C:\Users\Admin\OneDrive\Desktop\AI_Employee_Vault\In_Progress
2026-02-05 12:31:17 | INFO     | Plans: C:\Users\Admin\OneDrive\Desktop\AI_Employee_Vault\Plans
2026-02-05 12:31:17 | INFO     | Webhook: http://localhost:8000/webhook
2026-02-05 12:31:17 | INFO     | Done: C:\Users\Admin\OneDrive\Desktop\AI_Employee_Vault\Done
2026-02-05 12:31:17 | INFO     | Failed: C:\Users\Admin\OneDrive\Desktop\AI_Employee_Vault\Failed
2026-02-05 12:31:17 | INFO     | ============================================================
2026-02-05 12:31:48 | INFO     | ============================================================
2026-02-05 12:31:48 | INFO     | Webhook Dispatcher Agent started
2026-02-05 12:31:48 | INFO     | Input: C:\Users\Admin\OneDrive\Desktop\AI_Employee_Vault\In_Progress
2026-02-05 12:31:48 | INFO     | Plans: C:\Users\Admin\OneDrive\Desktop\AI_Employee_Vault\Plans
2026-02-05 12:31:48 | INFO     | Webhook: http://localhost:8000/webhook
2026-02-05 12:31:48 | INFO     | Done: C:\Users\Admin\OneDrive\Desktop\AI_Employee_Vault\Done
2026-02-05 12:31:48 | INFO     | Failed: C:\Users\Admin\OneDrive\Desktop\AI_Employee_Vault\Failed
2026-02-05 12:31:48 | INFO     | ============================================================
2026-02-05 12:32:20 | INFO     | ============================================================
2026-02-05 12:32:20 | INFO     | Webhook Dispatcher Agent started
2026-02-05 12:32:20 | INFO     | Input: C:\Users\Admin\OneDrive\Desktop\AI_Employee_Vault\In_Progress
2026-02-05 12:32:20 | INFO     | Plans: C:\Users\Admin\OneDrive\Desktop\AI_Employee_Vault\Plans
2026-02-05 12:32:20 | INFO     | Webhook: http://localhost:8000/webhook
2026-02-05 12:32:20 | INFO     | Done: C:\Users\Admin\OneDrive\Desktop\AI_Employee_Vault\Done
2026-02-05 12:32:20 | INFO     | Failed: C:\Users\Admin\OneDrive\Desktop\AI_Employee_Vault\Failed
2026-02-05 12:32:20 | INFO     | ============================================================
2026-02-05 12:32:51 | INFO     | ============================================================
2026-02-05 12:32:51 | INFO     | Webhook Dispatcher Agent started
2026-02-05 12:32:51 | INFO     | Input: C:\Users\Admin\OneDrive\Desktop\AI_Employee_Vault\In_Progress
2026-02-05 12:32:51 | INFO     | Plans: C:\Users\Admin\OneDrive\Desktop\AI_Employee_Vault\Plans
2026-02-05 12:32:51 | INFO     | Webhook: http://localhost:8000/webhook
2026-02-05 12:32:51 | INFO     | Done: C:\Users\Admin\OneDrive\Desktop\AI_Employee_Vault\Done
2026-02-05 12:32:51 | INFO     | Failed: C:\Users\Admin\OneDrive\Desktop\AI_Employee_Vault\Failed
2026-02-05 12:32:51 | INFO     | ============================================================
2026-02-05 12:33:22 | INFO     | ============================================================
2026-02-05 12:33:22 | INFO     | Webhook Dispatcher Agent started
2026-02-05 12:33:22 | INFO     | Input: C:\Users\Admin\OneDrive\Desktop\AI_Employee_Vault\In_Progress
2026-02-05 12:33:22 | INFO     | Plans: C:\Users\Admin\OneDrive\Desktop\AI_Employee_Vault\Plans
2026-02-05 12:33:22 | INFO     | Webhook: http://localhost:8000/webhook
2026-02-05 12:33:22 | INFO     | Done: C:\Users\Admin\OneDrive\Desktop\AI_Employee_Vault\Done
2026-02-05 12:33:22 | INFO     | Failed: C:\Users\Admin\OneDrive\Desktop\AI_Employee_Vault\Failed
2026-02-05 12:33:22 | INFO     | ============================================================
2026-02-05 12:33:54 | INFO     | ============================================================
2026-02-05 12:33:54 | INFO     | Webhook Dispatcher Agent started
2026-02-05 12:33:54 | INFO     | Input: C:\Users\Admin\OneDrive\Desktop\AI_Employee_Vault\In_Progress
2026-02-05 12:33:54 | INFO     | Plans: C:\Users\Admin\OneDrive\Desktop\AI_Employee_Vault\Plans
2026-02-05 12:33:54 | INFO     | Webhook: http://localhost:8000/webhook
2026-02-05 12:33:54 | INFO     | Done: C:\Users\Admin\OneDrive\Desktop\AI_Employee_Vault\Done
2026-02-05 12:33:54 | INFO     | Failed: C:\Users\Admin\OneDrive\Desktop\AI_Employee_Vault\Failed
2026-02-05 12:33:54 | INFO     | ============================================================
2026-02-05 12:34:25 | INFO     | ============================================================
2026-02-05 12:34:25 | INFO     | Webhook Dispatcher Agent started
2026-02-05 12:34:25 | INFO     | Input: C:\Users\Admin\OneDrive\Desktop\AI_Employee_Vault\In_Progress
2026-02-05 12:34:25 | INFO     | Plans: C:\Users\Admin\OneDrive\Desktop\AI_Employee_Vault\Plans
2026-02-05 12:34:25 | INFO     | Webhook: http://localhost:8000/webhook
2026-02-05 12:34:25 | INFO     | Done: C:\Users\Admin\OneDrive\Desktop\AI_Employee_Vault\Done
2026-02-05 12:34:25 | INFO     | Failed: C:\Users\Admin\OneDrive\Desktop\AI_Employee_Vault\Failed
2026-02-05 12:34:25 | INFO     | ============================================================
2026-02-05 12:34:57 | INFO     | ============================================================
2026-02-05 12:34:57 | INFO     | Webhook Dispatcher Agent started
2026-02-05 12:34:57 | INFO     | Input: C:\Users\Admin\OneDrive\Desktop\AI_Employee_Vault\In_Progress
2026-02-05 12:34:57 | INFO     | Plans: C:\Users\Admin\OneDrive\Desktop\AI_Employee_Vault\Plans
2026-02-05 12:34:57 | INFO     | Webhook: http://localhost:8000/webhook
2026-02-05 12:34:57 | INFO     | Done: C:\Users\Admin\OneDrive\Desktop\AI_Employee_Vault\Done
2026-02-05 12:34:57 | INFO     | Failed: C:\Users\Admin\OneDrive\Desktop\AI_Employee_Vault\Failed
2026-02-05 12:34:57 | INFO     | ============================================================
2026-02-05 12:35:29 | INFO     | ============================================================
2026-02-05 12:35:29 | INFO     | Webhook Dispatcher Agent started
2026-02-05 12:35:29 | INFO     | Input: C:\Users\Admin\OneDrive\Desktop\AI_Employee_Vault\In_Progress
2026-02-05 12:35:29 | INFO     | Plans: C:\Users\Admin\OneDrive\Desktop\AI_Employee_Vault\Plans
2026-02-05 12:35:29 | INFO     | Webhook: http://localhost:8000/webhook
2026-02-05 12:35:29 | INFO     | Done: C:\Users\Admin\OneDrive\Desktop\AI_Employee_Vault\Done
2026-02-05 12:35:29 | INFO     | Failed: C:\Users\Admin\OneDrive\Desktop\AI_Employee_Vault\Failed
2026-02-05 12:35:29 | INFO     | ============================================================
2026-02-05 12:36:00 | INFO     | ============================================================
2026-02-05 12:36:00 | INFO     | Webhook Dispatcher Agent started
2026-02-05 12:36:00 | INFO     | Input: C:\Users\Admin\OneDrive\Desktop\AI_Employee_Vault\In_Progress
2026-02-05 12:36:00 | INFO     | Plans: C:\Users\Admin\OneDrive\Desktop\AI_Employee_Vault\Plans
2026-02-05 12:36:00 | INFO     | Webhook: http://localhost:8000/webhook
2026-02-05 12:36:00 | INFO     | Done: C:\Users\Admin\OneDrive\Desktop\AI_Employee_Vault\Done
2026-02-05 12:36:00 | INFO     | Failed: C:\Users\Admin\OneDrive\Desktop\AI_Employee_Vault\Failed
2026-02-05 12:36:00 | INFO     | ============================================================
2026-02-05 12:36:32 | INFO     | ============================================================
2026-02-05 12:36:32 | INFO     | Webhook Dispatcher Agent started
2026-02-05 12:36:32 | INFO     | Input: C:\Users\Admin\OneDrive\Desktop\AI_Employee_Vault\In_Progress
2026-02-05 12:36:32 | INFO     | Plans: C:\Users\Admin\OneDrive\Desktop\AI_Employee_Vault\Plans
2026-02-05 12:36:32 | INFO     | Webhook: http://localhost:8000/webhook
2026-02-05 12:36:32 | INFO     | Done: C:\Users\Admin\OneDrive\Desktop\AI_Employee_Vault\Done
2026-02-05 12:36:32 | INFO     | Failed: C:\Users\Admin\OneDrive\Desktop\AI_Employee_Vault\Failed
2026-02-05 12:36:32 | INFO     | ============================================================
2026-02-05 12:37:03 | INFO     | ============================================================
2026-02-05 12:37:03 | INFO     | Webhook Dispatcher Agent started
2026-02-05 12:37:03 | INFO     | Input: C:\Users\Admin\OneDrive\Desktop\AI_Employee_Vault\In_Progress
2026-02-05 12:37:03 | INFO     | Plans: C:\Users\Admin\OneDrive\Desktop\AI_Employee_Vault\Plans
2026-02-05 12:37:03 | INFO     | Webhook: http://localhost:8000/webhook
2026-02-05 12:37:03 | INFO     | Done: C:\Users\Admin\OneDrive\Desktop\AI_Employee_Vault\Done
2026-02-05 12:37:03 | INFO     | Failed: C:\Users\Admin\OneDrive\Desktop\AI_Employee_Vault\Failed
2026-02-05 12:37:03 | INFO     | ============================================================
2026-02-05 12:37:35 | INFO     | ============================================================
2026-02-05 12:37:35 | INFO     | Webhook Dispatcher Agent started
2026-02-05 12:37:35 | INFO     | Input: C:\Users\Admin\OneDrive\Desktop\AI_Employee_Vault\In_Progress
2026-02-05 12:37:35 | INFO     | Plans: C:\Users\Admin\OneDrive\Desktop\AI_Employee_Vault\Plans
2026-02-05 12:37:35 | INFO     | Webhook: http://localhost:8000/webhook
2026-02-05 12:37:35 | INFO     | Done: C:\Users\Admin\OneDrive\Desktop\AI_Employee_Vault\Done
2026-02-05 12:37:35 | INFO     | Failed: C:\Users\Admin\OneDrive\Desktop\AI_Employee_Vault\Failed
2026-02-05 12:37:35 | INFO     | ============================================================
2026-02-05 12:38:07 | INFO     | ============================================================
2026-02-05 12:38:07 | INFO     | Webhook Dispatcher Agent started
2026-02-05 12:38:07 | INFO     | Input: C:\Users\Admin\OneDrive\Desktop\AI_Employee_Vault\In_Progress
2026-02-05 12:38:07 | INFO     | Plans: C:\Users\Admin\OneDrive\Desktop\AI_Employee_Vault\Plans
2026-02-05 12:38:07 | INFO     | Webhook: http://localhost:8000/webhook
2026-02-05 12:38:07 | INFO     | Done: C:\Users\Admin\OneDrive\Desktop\AI_Employee_Vault\Done
2026-02-05 12:38:07 | INFO     | Failed: C:\Users\Admin\OneDrive\Desktop\AI_Employee_Vault\Failed
2026-02-05 12:38:07 | INFO     | ============================================================
2026-02-05 12:38:38 | INFO     | ============================================================
2026-02-05 12:38:38 | INFO     | Webhook Dispatcher Agent started
2026-02-05 12:38:38 | INFO     | Input: C:\Users\Admin\OneDrive\Desktop\AI_Employee_Vault\In_Progress
2026-02-05 12:38:38 | INFO     | Plans: C:\Users\Admin\OneDrive\Desktop\AI_Employee_Vault\Plans
2026-02-05 12:38:38 | INFO     | Webhook: http://localhost:8000/webhook
2026-02-05 12:38:38 | INFO     | Done: C:\Users\Admin\OneDrive\Desktop\AI_Employee_Vault\Done
2026-02-05 12:38:38 | INFO     | Failed: C:\Users\Admin\OneDrive\Desktop\AI_Employee_Vault\Failed
2026-02-05 12:38:38 | INFO     | ============================================================
2026-02-05 12:39:10 | INFO     | ============================================================
2026-02-05 12:39:10 | INFO     | Webhook Dispatcher Agent started
2026-02-05 12:39:10 | INFO     | Input: C:\Users\Admin\OneDrive\Desktop\AI_Employee_Vault\In_Progress
2026-02-05 12:39:10 | INFO     | Plans: C:\Users\Admin\OneDrive\Desktop\AI_Employee_Vault\Plans
2026-02-05 12:39:10 | INFO     | Webhook: http://localhost:8000/webhook
2026-02-05 12:39:10 | INFO     | Done: C:\Users\Admin\OneDrive\Desktop\AI_Employee_Vault\Done
2026-02-05 12:39:10 | INFO     | Failed: C:\Users\Admin\OneDrive\Desktop\AI_Employee_Vault\Failed
2026-02-05 12:39:10 | INFO     | ============================================================
2026-02-05 12:39:41 | INFO     | ============================================================
2026-02-05 12:39:41 | INFO     | Webhook Dispatcher Agent started
2026-02-05 12:39:41 | INFO     | Input: C:\Users\Admin\OneDrive\Desktop\AI_Employee_Vault\In_Progress
2026-02-05 12:39:41 | INFO     | Plans: C:\Users\Admin\OneDrive\Desktop\AI_Employee_Vault\Plans
2026-02-05 12:39:41 | INFO     | Webhook: http://localhost:8000/webhook
2026-02-05 12:39:41 | INFO     | Done: C:\Users\Admin\OneDrive\Desktop\AI_Employee_Vault\Done
2026-02-05 12:39:41 | INFO     | Failed: C:\Users\Admin\OneDrive\Desktop\AI_Employee_Vault\Failed
2026-02-05 12:39:41 | INFO     | ============================================================
2026-02-05 12:40:12 | INFO     | ============================================================
2026-02-05 12:40:12 | INFO     | Webhook Dispatcher Agent started
2026-02-05 12:40:12 | INFO     | Input: C:\Users\Admin\OneDrive\Desktop\AI_Employee_Vault\In_Progress
2026-02-05 12:40:12 | INFO     | Plans: C:\Users\Admin\OneDrive\Desktop\AI_Employee_Vault\Plans
2026-02-05 12:40:12 | INFO     | Webhook: http://localhost:8000/webhook
2026-02-05 12:40:12 | INFO     | Done: C:\Users\Admin\OneDrive\Desktop\AI_Employee_Vault\Done
2026-02-05 12:40:12 | INFO     | Failed: C:\Users\Admin\OneDrive\Desktop\AI_Employee_Vault\Failed
2026-02-05 12:40:12 | INFO     | ============================================================
2026-02-05 12:40:44 | INFO     | ============================================================
2026-02-05 12:40:44 | INFO     | Webhook Dispatcher Agent started
2026-02-05 12:40:44 | INFO     | Input: C:\Users\Admin\OneDrive\Desktop\AI_Employee_Vault\In_Progress
2026-02-05 12:40:44 | INFO     | Plans: C:\Users\Admin\OneDrive\Desktop\AI_Employee_Vault\Plans
2026-02-05 12:40:44 | INFO     | Webhook: http://localhost:8000/webhook
2026-02-05 12:40:44 | INFO     | Done: C:\Users\Admin\OneDrive\Desktop\AI_Employee_Vault\Done
2026-02-05 12:40:44 | INFO     | Failed: C:\Users\Admin\OneDrive\Desktop\AI_Employee_Vault\Failed
2026-02-05 12:40:44 | INFO     | ============================================================
2026-02-05 12:41:15 | INFO     | ============================================================
2026-02-05 12:41:15 | INFO     | Webhook Dispatcher Agent started
2026-02-05 12:41:15 | INFO     | Input: C:\Users\Admin\OneDrive\Desktop\AI_Employee_Vault\In_Progress
2026-02-05 12:41:15 | INFO     | Plans: C:\Users\Admin\OneDrive\Desktop\AI_Employee_Vault\Plans
2026-02-05 12:41:15 | INFO     | Webhook: http://localhost:8000/webhook
2026-02-05 12:41:15 | INFO     | Done: C:\Users\Admin\OneDrive\Desktop\AI_Employee_Vault\Done
2026-02-05 12:41:15 | INFO     | Failed: C:\Users\Admin\OneDrive\Desktop\AI_Employee_Vault\Failed
2026-02-05 12:41:15 | INFO     | ============================================================
2026-02-05 12:41:47 | INFO     | ============================================================
2026-02-05 12:41:47 | INFO     | Webhook Dispatcher Agent started
2026-02-05 12:41:47 | INFO     | Input: C:\Users\Admin\OneDrive\Desktop\AI_Employee_Vault\In_Progress
2026-02-05 12:41:47 | INFO     | Plans: C:\Users\Admin\OneDrive\Desktop\AI_Employee_Vault\Plans
2026-02-05 12:41:47 | INFO     | Webhook: http://localhost:8000/webhook
2026-02-05 12:41:47 | INFO     | Done: C:\Users\Admin\OneDrive\Desktop\AI_Employee_Vault\Done
2026-02-05 12:41:47 | INFO     | Failed: C:\Users\Admin\OneDrive\Desktop\AI_Employee_Vault\Failed
2026-02-05 12:41:47 | INFO     | ============================================================
2026-02-05 12:42:18 | INFO     | ============================================================
2026-02-05 12:42:18 | INFO     | Webhook Dispatcher Agent started
2026-02-05 12:42:18 | INFO     | Input: C:\Users\Admin\OneDrive\Desktop\AI_Employee_Vault\In_Progress
2026-02-05 12:42:18 | INFO     | Plans: C:\Users\Admin\OneDrive\Desktop\AI_Employee_Vault\Plans
2026-02-05 12:42:18 | INFO     | Webhook: http://localhost:8000/webhook
2026-02-05 12:42:18 | INFO     | Done: C:\Users\Admin\OneDrive\Desktop\AI_Employee_Vault\Done
2026-02-05 12:42:18 | INFO     | Failed: C:\Users\Admin\OneDrive\Desktop\AI_Employee_Vault\Failed
2026-02-05 12:42:18 | INFO     | ============================================================
2026-02-05 12:42:50 | INFO     | ============================================================
2026-02-05 12:42:50 | INFO     | Webhook Dispatcher Agent started
2026-02-05 12:42:50 | INFO     | Input: C:\Users\Admin\OneDrive\Desktop\AI_Employee_Vault\In_Progress
2026-02-05 12:42:50 | INFO     | Plans: C:\Users\Admin\OneDrive\Desktop\AI_Employee_Vault\Plans
2026-02-05 12:42:50 | INFO     | Webhook: http://localhost:8000/webhook
2026-02-05 12:42:50 | INFO     | Done: C:\Users\Admin\OneDrive\Desktop\AI_Employee_Vault\Done
2026-02-05 12:42:50 | INFO     | Failed: C:\Users\Admin\OneDrive\Desktop\AI_Employee_Vault\Failed
2026-02-05 12:42:50 | INFO     | ============================================================
2026-02-05 12:43:21 | INFO     | ============================================================
2026-02-05 12:43:21 | INFO     | Webhook Dispatcher Agent started
2026-02-05 12:43:21 | INFO     | Input: C:\Users\Admin\OneDrive\Desktop\AI_Employee_Vault\In_Progress
2026-02-05 12:43:21 | INFO     | Plans: C:\Users\Admin\OneDrive\Desktop\AI_Employee_Vault\Plans
2026-02-05 12:43:21 | INFO     | Webhook: http://localhost:8000/webhook
2026-02-05 12:43:21 | INFO     | Done: C:\Users\Admin\OneDrive\Desktop\AI_Employee_Vault\Done
2026-02-05 12:43:21 | INFO     | Failed: C:\Users\Admin\OneDrive\Desktop\AI_Employee_Vault\Failed
2026-02-05 12:43:21 | INFO     | ============================================================
2026-02-05 12:43:53 | INFO     | ============================================================
2026-02-05 12:43:53 | INFO     | Webhook Dispatcher Agent started
2026-02-05 12:43:53 | INFO     | Input: C:\Users\Admin\OneDrive\Desktop\AI_Employee_Vault\In_Progress
2026-02-05 12:43:53 | INFO     | Plans: C:\Users\Admin\OneDrive\Desktop\AI_Employee_Vault\Plans
2026-02-05 12:43:53 | INFO     | Webhook: http://localhost:8000/webhook
2026-02-05 12:43:53 | INFO     | Done: C:\Users\Admin\OneDrive\Desktop\AI_Employee_Vault\Done
2026-02-05 12:43:53 | INFO     | Failed: C:\Users\Admin\OneDrive\Desktop\AI_Employee_Vault\Failed
2026-02-05 12:43:53 | INFO     | ============================================================
2026-02-05 12:44:24 | INFO     | ============================================================
2026-02-05 12:44:24 | INFO     | Webhook Dispatcher Agent started
2026-02-05 12:44:24 | INFO     | Input: C:\Users\Admin\OneDrive\Desktop\AI_Employee_Vault\In_Progress
2026-02-05 12:44:24 | INFO     | Plans: C:\Users\Admin\OneDrive\Desktop\AI_Employee_Vault\Plans
2026-02-05 12:44:24 | INFO     | Webhook: http://localhost:8000/webhook
2026-02-05 12:44:24 | INFO     | Done: C:\Users\Admin\OneDrive\Desktop\AI_Employee_Vault\Done
2026-02-05 12:44:24 | INFO     | Failed: C:\Users\Admin\OneDrive\Desktop\AI_Employee_Vault\Failed
2026-02-05 12:44:24 | INFO     | ============================================================
2026-02-05 12:44:56 | INFO     | ============================================================
2026-02-05 12:44:56 | INFO     | Webhook Dispatcher Agent started
2026-02-05 12:44:56 | INFO     | Input: C:\Users\Admin\OneDrive\Desktop\AI_Employee_Vault\In_Progress
2026-02-05 12:44:56 | INFO     | Plans: C:\Users\Admin\OneDrive\Desktop\AI_Employee_Vault\Plans
2026-02-05 12:44:56 | INFO     | Webhook: http://localhost:8000/webhook
2026-02-05 12:44:56 | INFO     | Done: C:\Users\Admin\OneDrive\Desktop\AI_Employee_Vault\Done
2026-02-05 12:44:56 | INFO     | Failed: C:\Users\Admin\OneDrive\Desktop\AI_Employee_Vault\Failed
2026-02-05 12:44:56 | INFO     | ============================================================
2026-02-05 12:45:27 | INFO     | ============================================================
2026-02-05 12:45:27 | INFO     | Webhook Dispatcher Agent started
2026-02-05 12:45:27 | INFO     | Input: C:\Users\Admin\OneDrive\Desktop\AI_Employee_Vault\In_Progress
2026-02-05 12:45:27 | INFO     | Plans: C:\Users\Admin\OneDrive\Desktop\AI_Employee_Vault\Plans
2026-02-05 12:45:27 | INFO     | Webhook: http://localhost:8000/webhook
2026-02-05 12:45:27 | INFO     | Done: C:\Users\Admin\OneDrive\Desktop\AI_Employee_Vault\Done
2026-02-05 12:45:27 | INFO     | Failed: C:\Users\Admin\OneDrive\Desktop\AI_Employee_Vault\Failed
2026-02-05 12:45:27 | INFO     | ============================================================
2026-02-05 12:45:58 | INFO     | ============================================================
2026-02-05 12:45:58 | INFO     | Webhook Dispatcher Agent started
2026-02-05 12:45:58 | INFO     | Input: C:\Users\Admin\OneDrive\Desktop\AI_Employee_Vault\In_Progress
2026-02-05 12:45:58 | INFO     | Plans: C:\Users\Admin\OneDrive\Desktop\AI_Employee_Vault\Plans
2026-02-05 12:45:58 | INFO     | Webhook: http://localhost:8000/webhook
2026-02-05 12:45:58 | INFO     | Done: C:\Users\Admin\OneDrive\Desktop\AI_Employee_Vault\Done
2026-02-05 12:45:58 | INFO     | Failed: C:\Users\Admin\OneDrive\Desktop\AI_Employee_Vault\Failed
2026-02-05 12:45:58 | INFO     | ============================================================
2026-02-05 12:46:30 | INFO     | ============================================================
2026-02-05 12:46:30 | INFO     | Webhook Dispatcher Agent started
2026-02-05 12:46:30 | INFO     | Input: C:\Users\Admin\OneDrive\Desktop\AI_Employee_Vault\In_Progress
2026-02-05 12:46:30 | INFO     | Plans: C:\Users\Admin\OneDrive\Desktop\AI_Employee_Vault\Plans
2026-02-05 12:46:30 | INFO     | Webhook: http://localhost:8000/webhook
2026-02-05 12:46:30 | INFO     | Done: C:\Users\Admin\OneDrive\Desktop\AI_Employee_Vault\Done
2026-02-05 12:46:30 | INFO     | Failed: C:\Users\Admin\OneDrive\Desktop\AI_Employee_Vault\Failed
2026-02-05 12:46:30 | INFO     | ============================================================
2026-02-05 12:47:01 | INFO     | ============================================================
2026-02-05 12:47:01 | INFO     | Webhook Dispatcher Agent started
2026-02-05 12:47:01 | INFO     | Input: C:\Users\Admin\OneDrive\Desktop\AI_Employee_Vault\In_Progress
2026-02-05 12:47:01 | INFO     | Plans: C:\Users\Admin\OneDrive\Desktop\AI_Employee_Vault\Plans
2026-02-05 12:47:01 | INFO     | Webhook: http://localhost:8000/webhook
2026-02-05 12:47:01 | INFO     | Done: C:\Users\Admin\OneDrive\Desktop\AI_Employee_Vault\Done
2026-02-05 12:47:01 | INFO     | Failed: C:\Users\Admin\OneDrive\Desktop\AI_Employee_Vault\Failed
2026-02-05 12:47:01 | INFO     | ============================================================
2026-02-05 12:47:32 | INFO     | ============================================================
2026-02-05 12:47:32 | INFO     | Webhook Dispatcher Agent started
2026-02-05 12:47:32 | INFO     | Input: C:\Users\Admin\OneDrive\Desktop\AI_Employee_Vault\In_Progress
2026-02-05 12:47:32 | INFO     | Plans: C:\Users\Admin\OneDrive\Desktop\AI_Employee_Vault\Plans
2026-02-05 12:47:32 | INFO     | Webhook: http://localhost:8000/webhook
2026-02-05 12:47:32 | INFO     | Done: C:\Users\Admin\OneDrive\Desktop\AI_Employee_Vault\Done
2026-02-05 12:47:32 | INFO     | Failed: C:\Users\Admin\OneDrive\Desktop\AI_Employee_Vault\Failed
2026-02-05 12:47:32 | INFO     | ============================================================
2026-02-05 12:48:03 | INFO     | ============================================================
2026-02-05 12:48:03 | INFO     | Webhook Dispatcher Agent started
2026-02-05 12:48:03 | INFO     | Input: C:\Users\Admin\OneDrive\Desktop\AI_Employee_Vault\In_Progress
2026-02-05 12:48:03 | INFO     | Plans: C:\Users\Admin\OneDrive\Desktop\AI_Employee_Vault\Plans
2026-02-05 12:48:03 | INFO     | Webhook: http://localhost:8000/webhook
2026-02-05 12:48:03 | INFO     | Done: C:\Users\Admin\OneDrive\Desktop\AI_Employee_Vault\Done
2026-02-05 12:48:03 | INFO     | Failed: C:\Users\Admin\OneDrive\Desktop\AI_Employee_Vault\Failed
2026-02-05 12:48:03 | INFO     | ============================================================
2026-02-05 12:48:35 | INFO     | ============================================================
2026-02-05 12:48:35 | INFO     | Webhook Dispatcher Agent started
2026-02-05 12:48:35 | INFO     | Input: C:\Users\Admin\OneDrive\Desktop\AI_Employee_Vault\In_Progress
2026-02-05 12:48:35 | INFO     | Plans: C:\Users\Admin\OneDrive\Desktop\AI_Employee_Vault\Plans
2026-02-05 12:48:35 | INFO     | Webhook: http://localhost:8000/webhook
2026-02-05 12:48:35 | INFO     | Done: C:\Users\Admin\OneDrive\Desktop\AI_Employee_Vault\Done
2026-02-05 12:48:35 | INFO     | Failed: C:\Users\Admin\OneDrive\Desktop\AI_Employee_Vault\Failed
2026-02-05 12:48:35 | INFO     | ============================================================
2026-02-05 12:49:06 | INFO     | ============================================================
2026-02-05 12:49:06 | INFO     | Webhook Dispatcher Agent started
2026-02-05 12:49:06 | INFO     | Input: C:\Users\Admin\OneDrive\Desktop\AI_Employee_Vault\In_Progress
2026-02-05 12:49:06 | INFO     | Plans: C:\Users\Admin\OneDrive\Desktop\AI_Employee_Vault\Plans
2026-02-05 12:49:06 | INFO     | Webhook: http://localhost:8000/webhook
2026-02-05 12:49:06 | INFO     | Done: C:\Users\Admin\OneDrive\Desktop\AI_Employee_Vault\Done
2026-02-05 12:49:06 | INFO     | Failed: C:\Users\Admin\OneDrive\Desktop\AI_Employee_Vault\Failed
2026-02-05 12:49:06 | INFO     | ============================================================
2026-02-05 12:49:37 | INFO     | ============================================================
2026-02-05 12:49:37 | INFO     | Webhook Dispatcher Agent started
2026-02-05 12:49:37 | INFO     | Input: C:\Users\Admin\OneDrive\Desktop\AI_Employee_Vault\In_Progress
2026-02-05 12:49:37 | INFO     | Plans: C:\Users\Admin\OneDrive\Desktop\AI_Employee_Vault\Plans
2026-02-05 12:49:37 | INFO     | Webhook: http://localhost:8000/webhook
2026-02-05 12:49:37 | INFO     | Done: C:\Users\Admin\OneDrive\Desktop\AI_Employee_Vault\Done
2026-02-05 12:49:37 | INFO     | Failed: C:\Users\Admin\OneDrive\Desktop\AI_Employee_Vault\Failed
2026-02-05 12:49:37 | INFO     | ============================================================
2026-02-05 12:50:09 | INFO     | ============================================================
2026-02-05 12:50:09 | INFO     | Webhook Dispatcher Agent started
2026-02-05 12:50:09 | INFO     | Input: C:\Users\Admin\OneDrive\Desktop\AI_Employee_Vault\In_Progress
2026-02-05 12:50:09 | INFO     | Plans: C:\Users\Admin\OneDrive\Desktop\AI_Employee_Vault\Plans
2026-02-05 12:50:09 | INFO     | Webhook: http://localhost:8000/webhook
2026-02-05 12:50:09 | INFO     | Done: C:\Users\Admin\OneDrive\Desktop\AI_Employee_Vault\Done
2026-02-05 12:50:09 | INFO     | Failed: C:\Users\Admin\OneDrive\Desktop\AI_Employee_Vault\Failed
2026-02-05 12:50:09 | INFO     | ============================================================
2026-02-05 12:50:40 | INFO     | ============================================================
2026-02-05 12:50:40 | INFO     | Webhook Dispatcher Agent started
2026-02-05 12:50:40 | INFO     | Input: C:\Users\Admin\OneDrive\Desktop\AI_Employee_Vault\In_Progress
2026-02-05 12:50:40 | INFO     | Plans: C:\Users\Admin\OneDrive\Desktop\AI_Employee_Vault\Plans
2026-02-05 12:50:40 | INFO     | Webhook: http://localhost:8000/webhook
2026-02-05 12:50:40 | INFO     | Done: C:\Users\Admin\OneDrive\Desktop\AI_Employee_Vault\Done
2026-02-05 12:50:40 | INFO     | Failed: C:\Users\Admin\OneDrive\Desktop\AI_Employee_Vault\Failed
2026-02-05 12:50:40 | INFO     | ============================================================
2026-02-05 12:51:12 | INFO     | ============================================================
2026-02-05 12:51:12 | INFO     | Webhook Dispatcher Agent started
2026-02-05 12:51:12 | INFO     | Input: C:\Users\Admin\OneDrive\Desktop\AI_Employee_Vault\In_Progress
2026-02-05 12:51:12 | INFO     | Plans: C:\Users\Admin\OneDrive\Desktop\AI_Employee_Vault\Plans
2026-02-05 12:51:12 | INFO     | Webhook: http://localhost:8000/webhook
2026-02-05 12:51:12 | INFO     | Done: C:\Users\Admin\OneDrive\Desktop\AI_Employee_Vault\Done
2026-02-05 12:51:12 | INFO     | Failed: C:\Users\Admin\OneDrive\Desktop\AI_Employee_Vault\Failed
2026-02-05 12:51:12 | INFO     | ============================================================
2026-02-05 12:51:43 | INFO     | ============================================================
2026-02-05 12:51:43 | INFO     | Webhook Dispatcher Agent started
2026-02-05 12:51:43 | INFO     | Input: C:\Users\Admin\OneDrive\Desktop\AI_Employee_Vault\In_Progress
2026-02-05 12:51:43 | INFO     | Plans: C:\Users\Admin\OneDrive\Desktop\AI_Employee_Vault\Plans
2026-02-05 12:51:43 | INFO     | Webhook: http://localhost:8000/webhook
2026-02-05 12:51:43 | INFO     | Done: C:\Users\Admin\OneDrive\Desktop\AI_Employee_Vault\Done
2026-02-05 12:51:43 | INFO     | Failed: C:\Users\Admin\OneDrive\Desktop\AI_Employee_Vault\Failed
2026-02-05 12:51:43 | INFO     | ============================================================
2026-02-05 12:52:15 | INFO     | ============================================================
2026-02-05 12:52:15 | INFO     | Webhook Dispatcher Agent started
2026-02-05 12:52:15 | INFO     | Input: C:\Users\Admin\OneDrive\Desktop\AI_Employee_Vault\In_Progress
2026-02-05 12:52:15 | INFO     | Plans: C:\Users\Admin\OneDrive\Desktop\AI_Employee_Vault\Plans
2026-02-05 12:52:15 | INFO     | Webhook: http://localhost:8000/webhook
2026-02-05 12:52:15 | INFO     | Done: C:\Users\Admin\OneDrive\Desktop\AI_Employee_Vault\Done
2026-02-05 12:52:15 | INFO     | Failed: C:\Users\Admin\OneDrive\Desktop\AI_Employee_Vault\Failed
2026-02-05 12:52:15 | INFO     | ============================================================
2026-02-05 12:52:46 | INFO     | ============================================================
2026-02-05 12:52:46 | INFO     | Webhook Dispatcher Agent started
2026-02-05 12:52:46 | INFO     | Input: C:\Users\Admin\OneDrive\Desktop\AI_Employee_Vault\In_Progress
2026-02-05 12:52:46 | INFO     | Plans: C:\Users\Admin\OneDrive\Desktop\AI_Employee_Vault\Plans
2026-02-05 12:52:46 | INFO     | Webhook: http://localhost:8000/webhook
2026-02-05 12:52:46 | INFO     | Done: C:\Users\Admin\OneDrive\Desktop\AI_Employee_Vault\Done
2026-02-05 12:52:46 | INFO     | Failed: C:\Users\Admin\OneDrive\Desktop\AI_Employee_Vault\Failed
2026-02-05 12:52:46 | INFO     | ============================================================
2026-02-05 12:53:17 | INFO     | ============================================================
2026-02-05 12:53:17 | INFO     | Webhook Dispatcher Agent started
2026-02-05 12:53:17 | INFO     | Input: C:\Users\Admin\OneDrive\Desktop\AI_Employee_Vault\In_Progress
2026-02-05 12:53:17 | INFO     | Plans: C:\Users\Admin\OneDrive\Desktop\AI_Employee_Vault\Plans
2026-02-05 12:53:17 | INFO     | Webhook: http://localhost:8000/webhook
2026-02-05 12:53:17 | INFO     | Done: C:\Users\Admin\OneDrive\Desktop\AI_Employee_Vault\Done
2026-02-05 12:53:17 | INFO     | Failed: C:\Users\Admin\OneDrive\Desktop\AI_Employee_Vault\Failed
2026-02-05 12:53:17 | INFO     | ============================================================
2026-02-05 12:53:49 | INFO     | ============================================================
2026-02-05 12:53:49 | INFO     | Webhook Dispatcher Agent started
2026-02-05 12:53:49 | INFO     | Input: C:\Users\Admin\OneDrive\Desktop\AI_Employee_Vault\In_Progress
2026-02-05 12:53:49 | INFO     | Plans: C:\Users\Admin\OneDrive\Desktop\AI_Employee_Vault\Plans
2026-02-05 12:53:49 | INFO     | Webhook: http://localhost:8000/webhook
2026-02-05 12:53:49 | INFO     | Done: C:\Users\Admin\OneDrive\Desktop\AI_Employee_Vault\Done
2026-02-05 12:53:49 | INFO     | Failed: C:\Users\Admin\OneDrive\Desktop\AI_Employee_Vault\Failed
2026-02-05 12:53:49 | INFO     | ============================================================
2026-02-05 12:54:20 | INFO     | ============================================================
2026-02-05 12:54:20 | INFO     | Webhook Dispatcher Agent started
2026-02-05 12:54:20 | INFO     | Input: C:\Users\Admin\OneDrive\Desktop\AI_Employee_Vault\In_Progress
2026-02-05 12:54:20 | INFO     | Plans: C:\Users\Admin\OneDrive\Desktop\AI_Employee_Vault\Plans
2026-02-05 12:54:20 | INFO     | Webhook: http://localhost:8000/webhook
2026-02-05 12:54:20 | INFO     | Done: C:\Users\Admin\OneDrive\Desktop\AI_Employee_Vault\Done
2026-02-05 12:54:20 | INFO     | Failed: C:\Users\Admin\OneDrive\Desktop\AI_Employee_Vault\Failed
2026-02-05 12:54:20 | INFO     | ============================================================
2026-02-05 12:54:51 | INFO     | ============================================================
2026-02-05 12:54:51 | INFO     | Webhook Dispatcher Agent started
2026-02-05 12:54:51 | INFO     | Input: C:\Users\Admin\OneDrive\Desktop\AI_Employee_Vault\In_Progress
2026-02-05 12:54:51 | INFO     | Plans: C:\Users\Admin\OneDrive\Desktop\AI_Employee_Vault\Plans
2026-02-05 12:54:51 | INFO     | Webhook: http://localhost:8000/webhook
2026-02-05 12:54:51 | INFO     | Done: C:\Users\Admin\OneDrive\Desktop\AI_Employee_Vault\Done
2026-02-05 12:54:51 | INFO     | Failed: C:\Users\Admin\OneDrive\Desktop\AI_Employee_Vault\Failed
2026-02-05 12:54:51 | INFO     | ============================================================
2026-02-05 12:55:22 | INFO     | ============================================================
2026-02-05 12:55:22 | INFO     | Webhook Dispatcher Agent started
2026-02-05 12:55:22 | INFO     | Input: C:\Users\Admin\OneDrive\Desktop\AI_Employee_Vault\In_Progress
2026-02-05 12:55:22 | INFO     | Plans: C:\Users\Admin\OneDrive\Desktop\AI_Employee_Vault\Plans
2026-02-05 12:55:22 | INFO     | Webhook: http://localhost:8000/webhook
2026-02-05 12:55:22 | INFO     | Done: C:\Users\Admin\OneDrive\Desktop\AI_Employee_Vault\Done
2026-02-05 12:55:22 | INFO     | Failed: C:\Users\Admin\OneDrive\Desktop\AI_Employee_Vault\Failed
2026-02-05 12:55:22 | INFO     | ============================================================
2026-02-05 12:55:54 | INFO     | ============================================================
2026-02-05 12:55:54 | INFO     | Webhook Dispatcher Agent started
2026-02-05 12:55:54 | INFO     | Input: C:\Users\Admin\OneDrive\Desktop\AI_Employee_Vault\In_Progress
2026-02-05 12:55:54 | INFO     | Plans: C:\Users\Admin\OneDrive\Desktop\AI_Employee_Vault\Plans
2026-02-05 12:55:54 | INFO     | Webhook: http://localhost:8000/webhook
2026-02-05 12:55:54 | INFO     | Done: C:\Users\Admin\OneDrive\Desktop\AI_Employee_Vault\Done
2026-02-05 12:55:54 | INFO     | Failed: C:\Users\Admin\OneDrive\Desktop\AI_Employee_Vault\Failed
2026-02-05 12:55:54 | INFO     | ============================================================
2026-02-05 12:56:26 | INFO     | ============================================================
2026-02-05 12:56:26 | INFO     | Webhook Dispatcher Agent started
2026-02-05 12:56:26 | INFO     | Input: C:\Users\Admin\OneDrive\Desktop\AI_Employee_Vault\In_Progress
2026-02-05 12:56:26 | INFO     | Plans: C:\Users\Admin\OneDrive\Desktop\AI_Employee_Vault\Plans
2026-02-05 12:56:26 | INFO     | Webhook: http://localhost:8000/webhook
2026-02-05 12:56:26 | INFO     | Done: C:\Users\Admin\OneDrive\Desktop\AI_Employee_Vault\Done
2026-02-05 12:56:26 | INFO     | Failed: C:\Users\Admin\OneDrive\Desktop\AI_Employee_Vault\Failed
2026-02-05 12:56:26 | INFO     | ============================================================
2026-02-05 12:56:57 | INFO     | ============================================================
2026-02-05 12:56:57 | INFO     | Webhook Dispatcher Agent started
2026-02-05 12:56:57 | INFO     | Input: C:\Users\Admin\OneDrive\Desktop\AI_Employee_Vault\In_Progress
2026-02-05 12:56:57 | INFO     | Plans: C:\Users\Admin\OneDrive\Desktop\AI_Employee_Vault\Plans
2026-02-05 12:56:57 | INFO     | Webhook: http://localhost:8000/webhook
2026-02-05 12:56:57 | INFO     | Done: C:\Users\Admin\OneDrive\Desktop\AI_Employee_Vault\Done
2026-02-05 12:56:57 | INFO     | Failed: C:\Users\Admin\OneDrive\Desktop\AI_Employee_Vault\Failed
2026-02-05 12:56:57 | INFO     | ============================================================
2026-02-05 12:57:29 | INFO     | ============================================================
2026-02-05 12:57:29 | INFO     | Webhook Dispatcher Agent started
2026-02-05 12:57:29 | INFO     | Input: C:\Users\Admin\OneDrive\Desktop\AI_Employee_Vault\In_Progress
2026-02-05 12:57:29 | INFO     | Plans: C:\Users\Admin\OneDrive\Desktop\AI_Employee_Vault\Plans
2026-02-05 12:57:29 | INFO     | Webhook: http://localhost:8000/webhook
2026-02-05 12:57:29 | INFO     | Done: C:\Users\Admin\OneDrive\Desktop\AI_Employee_Vault\Done
2026-02-05 12:57:29 | INFO     | Failed: C:\Users\Admin\OneDrive\Desktop\AI_Employee_Vault\Failed
2026-02-05 12:57:29 | INFO     | ============================================================
2026-02-05 12:58:00 | INFO     | ============================================================
2026-02-05 12:58:00 | INFO     | Webhook Dispatcher Agent started
2026-02-05 12:58:00 | INFO     | Input: C:\Users\Admin\OneDrive\Desktop\AI_Employee_Vault\In_Progress
2026-02-05 12:58:00 | INFO     | Plans: C:\Users\Admin\OneDrive\Desktop\AI_Employee_Vault\Plans
2026-02-05 12:58:00 | INFO     | Webhook: http://localhost:8000/webhook
2026-02-05 12:58:00 | INFO     | Done: C:\Users\Admin\OneDrive\Desktop\AI_Employee_Vault\Done
2026-02-05 12:58:00 | INFO     | Failed: C:\Users\Admin\OneDrive\Desktop\AI_Employee_Vault\Failed
2026-02-05 12:58:00 | INFO     | ============================================================
2026-02-05 12:58:34 | INFO     | ============================================================
2026-02-05 12:58:34 | INFO     | Webhook Dispatcher Agent started
2026-02-05 12:58:34 | INFO     | Input: C:\Users\Admin\OneDrive\Desktop\AI_Employee_Vault\In_Progress
2026-02-05 12:58:34 | INFO     | Plans: C:\Users\Admin\OneDrive\Desktop\AI_Employee_Vault\Plans
2026-02-05 12:58:34 | INFO     | Webhook: http://localhost:8000/webhook
2026-02-05 12:58:34 | INFO     | Done: C:\Users\Admin\OneDrive\Desktop\AI_Employee_Vault\Done
2026-02-05 12:58:34 | INFO     | Failed: C:\Users\Admin\OneDrive\Desktop\AI_Employee_Vault\Failed
2026-02-05 12:58:34 | INFO     | ============================================================
2026-02-05 12:59:06 | INFO     | ============================================================
2026-02-05 12:59:06 | INFO     | Webhook Dispatcher Agent started
2026-02-05 12:59:06 | INFO     | Input: C:\Users\Admin\OneDrive\Desktop\AI_Employee_Vault\In_Progress
2026-02-05 12:59:06 | INFO     | Plans: C:\Users\Admin\OneDrive\Desktop\AI_Employee_Vault\Plans
2026-02-05 12:59:06 | INFO     | Webhook: http://localhost:8000/webhook
2026-02-05 12:59:06 | INFO     | Done: C:\Users\Admin\OneDrive\Desktop\AI_Employee_Vault\Done
2026-02-05 12:59:06 | INFO     | Failed: C:\Users\Admin\OneDrive\Desktop\AI_Employee_Vault\Failed
2026-02-05 12:59:06 | INFO     | ============================================================
2026-02-05 12:59:38 | INFO     | ============================================================
2026-02-05 12:59:38 | INFO     | Webhook Dispatcher Agent started
2026-02-05 12:59:38 | INFO     | Input: C:\Users\Admin\OneDrive\Desktop\AI_Employee_Vault\In_Progress
2026-02-05 12:59:38 | INFO     | Plans: C:\Users\Admin\OneDrive\Desktop\AI_Employee_Vault\Plans
2026-02-05 12:59:38 | INFO     | Webhook: http://localhost:8000/webhook
2026-02-05 12:59:38 | INFO     | Done: C:\Users\Admin\OneDrive\Desktop\AI_Employee_Vault\Done
2026-02-05 12:59:38 | INFO     | Failed: C:\Users\Admin\OneDrive\Desktop\AI_Employee_Vault\Failed
2026-02-05 12:59:38 | INFO     | ============================================================
2026-02-05 13:00:09 | INFO     | ============================================================
2026-02-05 13:00:09 | INFO     | Webhook Dispatcher Agent started
2026-02-05 13:00:09 | INFO     | Input: C:\Users\Admin\OneDrive\Desktop\AI_Employee_Vault\In_Progress
2026-02-05 13:00:09 | INFO     | Plans: C:\Users\Admin\OneDrive\Desktop\AI_Employee_Vault\Plans
2026-02-05 13:00:09 | INFO     | Webhook: http://localhost:8000/webhook
2026-02-05 13:00:09 | INFO     | Done: C:\Users\Admin\OneDrive\Desktop\AI_Employee_Vault\Done
2026-02-05 13:00:09 | INFO     | Failed: C:\Users\Admin\OneDrive\Desktop\AI_Employee_Vault\Failed
2026-02-05 13:00:09 | INFO     | ============================================================
2026-02-05 13:00:40 | INFO     | ============================================================
2026-02-05 13:00:40 | INFO     | Webhook Dispatcher Agent started
2026-02-05 13:00:40 | INFO     | Input: C:\Users\Admin\OneDrive\Desktop\AI_Employee_Vault\In_Progress
2026-02-05 13:00:40 | INFO     | Plans: C:\Users\Admin\OneDrive\Desktop\AI_Employee_Vault\Plans
2026-02-05 13:00:40 | INFO     | Webhook: http://localhost:8000/webhook
2026-02-05 13:00:40 | INFO     | Done: C:\Users\Admin\OneDrive\Desktop\AI_Employee_Vault\Done
2026-02-05 13:00:40 | INFO     | Failed: C:\Users\Admin\OneDrive\Desktop\AI_Employee_Vault\Failed
2026-02-05 13:00:40 | INFO     | ============================================================
2026-02-05 13:01:12 | INFO     | ============================================================
2026-02-05 13:01:12 | INFO     | Webhook Dispatcher Agent started
2026-02-05 13:01:12 | INFO     | Input: C:\Users\Admin\OneDrive\Desktop\AI_Employee_Vault\In_Progress
2026-02-05 13:01:12 | INFO     | Plans: C:\Users\Admin\OneDrive\Desktop\AI_Employee_Vault\Plans
2026-02-05 13:01:12 | INFO     | Webhook: http://localhost:8000/webhook
2026-02-05 13:01:12 | INFO     | Done: C:\Users\Admin\OneDrive\Desktop\AI_Employee_Vault\Done
2026-02-05 13:01:12 | INFO     | Failed: C:\Users\Admin\OneDrive\Desktop\AI_Employee_Vault\Failed
2026-02-05 13:01:12 | INFO     | ============================================================
2026-02-05 13:01:43 | INFO     | ============================================================
2026-02-05 13:01:43 | INFO     | Webhook Dispatcher Agent started
2026-02-05 13:01:43 | INFO     | Input: C:\Users\Admin\OneDrive\Desktop\AI_Employee_Vault\In_Progress
2026-02-05 13:01:43 | INFO     | Plans: C:\Users\Admin\OneDrive\Desktop\AI_Employee_Vault\Plans
2026-02-05 13:01:43 | INFO     | Webhook: http://localhost:8000/webhook
2026-02-05 13:01:43 | INFO     | Done: C:\Users\Admin\OneDrive\Desktop\AI_Employee_Vault\Done
2026-02-05 13:01:43 | INFO     | Failed: C:\Users\Admin\OneDrive\Desktop\AI_Employee_Vault\Failed
2026-02-05 13:01:43 | INFO     | ============================================================
2026-02-05 13:02:14 | INFO     | ============================================================
2026-02-05 13:02:14 | INFO     | Webhook Dispatcher Agent started
2026-02-05 13:02:14 | INFO     | Input: C:\Users\Admin\OneDrive\Desktop\AI_Employee_Vault\In_Progress
2026-02-05 13:02:14 | INFO     | Plans: C:\Users\Admin\OneDrive\Desktop\AI_Employee_Vault\Plans
2026-02-05 13:02:14 | INFO     | Webhook: http://localhost:8000/webhook
2026-02-05 13:02:14 | INFO     | Done: C:\Users\Admin\OneDrive\Desktop\AI_Employee_Vault\Done
2026-02-05 13:02:14 | INFO     | Failed: C:\Users\Admin\OneDrive\Desktop\AI_Employee_Vault\Failed
2026-02-05 13:02:14 | INFO     | ============================================================
2026-02-05 13:02:45 | INFO     | ============================================================
2026-02-05 13:02:45 | INFO     | Webhook Dispatcher Agent started
2026-02-05 13:02:45 | INFO     | Input: C:\Users\Admin\OneDrive\Desktop\AI_Employee_Vault\In_Progress
2026-02-05 13:02:45 | INFO     | Plans: C:\Users\Admin\OneDrive\Desktop\AI_Employee_Vault\Plans
2026-02-05 13:02:45 | INFO     | Webhook: http://localhost:8000/webhook
2026-02-05 13:02:45 | INFO     | Done: C:\Users\Admin\OneDrive\Desktop\AI_Employee_Vault\Done
2026-02-05 13:02:45 | INFO     | Failed: C:\Users\Admin\OneDrive\Desktop\AI_Employee_Vault\Failed
2026-02-05 13:02:45 | INFO     | ============================================================
2026-02-05 13:03:17 | INFO     | ============================================================
2026-02-05 13:03:17 | INFO     | Webhook Dispatcher Agent started
2026-02-05 13:03:17 | INFO     | Input: C:\Users\Admin\OneDrive\Desktop\AI_Employee_Vault\In_Progress
2026-02-05 13:03:17 | INFO     | Plans: C:\Users\Admin\OneDrive\Desktop\AI_Employee_Vault\Plans
2026-02-05 13:03:17 | INFO     | Webhook: http://localhost:8000/webhook
2026-02-05 13:03:17 | INFO     | Done: C:\Users\Admin\OneDrive\Desktop\AI_Employee_Vault\Done
2026-02-05 13:03:17 | INFO     | Failed: C:\Users\Admin\OneDrive\Desktop\AI_Employee_Vault\Failed
2026-02-05 13:03:17 | INFO     | ============================================================
2026-02-05 13:03:48 | INFO     | ============================================================
2026-02-05 13:03:48 | INFO     | Webhook Dispatcher Agent started
2026-02-05 13:03:48 | INFO     | Input: C:\Users\Admin\OneDrive\Desktop\AI_Employee_Vault\In_Progress
2026-02-05 13:03:48 | INFO     | Plans: C:\Users\Admin\OneDrive\Desktop\AI_Employee_Vault\Plans
2026-02-05 13:03:48 | INFO     | Webhook: http://localhost:8000/webhook
2026-02-05 13:03:48 | INFO     | Done: C:\Users\Admin\OneDrive\Desktop\AI_Employee_Vault\Done
2026-02-05 13:03:48 | INFO     | Failed: C:\Users\Admin\OneDrive\Desktop\AI_Employee_Vault\Failed
2026-02-05 13:03:48 | INFO     | ============================================================
2026-02-05 13:04:19 | INFO     | ============================================================
2026-02-05 13:04:19 | INFO     | Webhook Dispatcher Agent started
2026-02-05 13:04:19 | INFO     | Input: C:\Users\Admin\OneDrive\Desktop\AI_Employee_Vault\In_Progress
2026-02-05 13:04:19 | INFO     | Plans: C:\Users\Admin\OneDrive\Desktop\AI_Employee_Vault\Plans
2026-02-05 13:04:19 | INFO     | Webhook: http://localhost:8000/webhook
2026-02-05 13:04:19 | INFO     | Done: C:\Users\Admin\OneDrive\Desktop\AI_Employee_Vault\Done
2026-02-05 13:04:19 | INFO     | Failed: C:\Users\Admin\OneDrive\Desktop\AI_Employee_Vault\Failed
2026-02-05 13:04:19 | INFO     | ============================================================
2026-02-05 13:04:51 | INFO     | ============================================================
2026-02-05 13:04:51 | INFO     | Webhook Dispatcher Agent started
2026-02-05 13:04:51 | INFO     | Input: C:\Users\Admin\OneDrive\Desktop\AI_Employee_Vault\In_Progress
2026-02-05 13:04:51 | INFO     | Plans: C:\Users\Admin\OneDrive\Desktop\AI_Employee_Vault\Plans
2026-02-05 13:04:51 | INFO     | Webhook: http://localhost:8000/webhook
2026-02-05 13:04:51 | INFO     | Done: C:\Users\Admin\OneDrive\Desktop\AI_Employee_Vault\Done
2026-02-05 13:04:51 | INFO     | Failed: C:\Users\Admin\OneDrive\Desktop\AI_Employee_Vault\Failed
2026-02-05 13:04:51 | INFO     | ============================================================
2026-02-05 13:05:22 | INFO     | ============================================================
2026-02-05 13:05:22 | INFO     | Webhook Dispatcher Agent started
2026-02-05 13:05:22 | INFO     | Input: C:\Users\Admin\OneDrive\Desktop\AI_Employee_Vault\In_Progress
2026-02-05 13:05:22 | INFO     | Plans: C:\Users\Admin\OneDrive\Desktop\AI_Employee_Vault\Plans
2026-02-05 13:05:22 | INFO     | Webhook: http://localhost:8000/webhook
2026-02-05 13:05:22 | INFO     | Done: C:\Users\Admin\OneDrive\Desktop\AI_Employee_Vault\Done
2026-02-05 13:05:22 | INFO     | Failed: C:\Users\Admin\OneDrive\Desktop\AI_Employee_Vault\Failed
2026-02-05 13:05:22 | INFO     | ============================================================
2026-02-05 13:05:53 | INFO     | ============================================================
2026-02-05 13:05:53 | INFO     | Webhook Dispatcher Agent started
2026-02-05 13:05:53 | INFO     | Input: C:\Users\Admin\OneDrive\Desktop\AI_Employee_Vault\In_Progress
2026-02-05 13:05:53 | INFO     | Plans: C:\Users\Admin\OneDrive\Desktop\AI_Employee_Vault\Plans
2026-02-05 13:05:53 | INFO     | Webhook: http://localhost:8000/webhook
2026-02-05 13:05:53 | INFO     | Done: C:\Users\Admin\OneDrive\Desktop\AI_Employee_Vault\Done
2026-02-05 13:05:53 | INFO     | Failed: C:\Users\Admin\OneDrive\Desktop\AI_Employee_Vault\Failed
2026-02-05 13:05:53 | INFO     | ============================================================
2026-02-05 13:06:24 | INFO     | ============================================================
2026-02-05 13:06:24 | INFO     | Webhook Dispatcher Agent started
2026-02-05 13:06:24 | INFO     | Input: C:\Users\Admin\OneDrive\Desktop\AI_Employee_Vault\In_Progress
2026-02-05 13:06:24 | INFO     | Plans: C:\Users\Admin\OneDrive\Desktop\AI_Employee_Vault\Plans
2026-02-05 13:06:24 | INFO     | Webhook: http://localhost:8000/webhook
2026-02-05 13:06:24 | INFO     | Done: C:\Users\Admin\OneDrive\Desktop\AI_Employee_Vault\Done
2026-02-05 13:06:24 | INFO     | Failed: C:\Users\Admin\OneDrive\Desktop\AI_Employee_Vault\Failed
2026-02-05 13:06:24 | INFO     | ============================================================
2026-02-05 13:06:55 | INFO     | ============================================================
2026-02-05 13:06:55 | INFO     | Webhook Dispatcher Agent started
2026-02-05 13:06:55 | INFO     | Input: C:\Users\Admin\OneDrive\Desktop\AI_Employee_Vault\In_Progress
2026-02-05 13:06:55 | INFO     | Plans: C:\Users\Admin\OneDrive\Desktop\AI_Employee_Vault\Plans
2026-02-05 13:06:55 | INFO     | Webhook: http://localhost:8000/webhook
2026-02-05 13:06:55 | INFO     | Done: C:\Users\Admin\OneDrive\Desktop\AI_Employee_Vault\Done
2026-02-05 13:06:55 | INFO     | Failed: C:\Users\Admin\OneDrive\Desktop\AI_Employee_Vault\Failed
2026-02-05 13:06:55 | INFO     | ============================================================
2026-02-05 13:07:27 | INFO     | ============================================================
2026-02-05 13:07:27 | INFO     | Webhook Dispatcher Agent started
2026-02-05 13:07:27 | INFO     | Input: C:\Users\Admin\OneDrive\Desktop\AI_Employee_Vault\In_Progress
2026-02-05 13:07:27 | INFO     | Plans: C:\Users\Admin\OneDrive\Desktop\AI_Employee_Vault\Plans
2026-02-05 13:07:27 | INFO     | Webhook: http://localhost:8000/webhook
2026-02-05 13:07:27 | INFO     | Done: C:\Users\Admin\OneDrive\Desktop\AI_Employee_Vault\Done
2026-02-05 13:07:27 | INFO     | Failed: C:\Users\Admin\OneDrive\Desktop\AI_Employee_Vault\Failed
2026-02-05 13:07:27 | INFO     | ============================================================
2026-02-05 13:07:58 | INFO     | ============================================================
2026-02-05 13:07:58 | INFO     | Webhook Dispatcher Agent started
2026-02-05 13:07:58 | INFO     | Input: C:\Users\Admin\OneDrive\Desktop\AI_Employee_Vault\In_Progress
2026-02-05 13:07:58 | INFO     | Plans: C:\Users\Admin\OneDrive\Desktop\AI_Employee_Vault\Plans
2026-02-05 13:07:58 | INFO     | Webhook: http://localhost:8000/webhook
2026-02-05 13:07:58 | INFO     | Done: C:\Users\Admin\OneDrive\Desktop\AI_Employee_Vault\Done
2026-02-05 13:07:58 | INFO     | Failed: C:\Users\Admin\OneDrive\Desktop\AI_Employee_Vault\Failed
2026-02-05 13:07:58 | INFO     | ============================================================
2026-02-05 13:08:29 | INFO     | ============================================================
2026-02-05 13:08:29 | INFO     | Webhook Dispatcher Agent started
2026-02-05 13:08:29 | INFO     | Input: C:\Users\Admin\OneDrive\Desktop\AI_Employee_Vault\In_Progress
2026-02-05 13:08:29 | INFO     | Plans: C:\Users\Admin\OneDrive\Desktop\AI_Employee_Vault\Plans
2026-02-05 13:08:29 | INFO     | Webhook: http://localhost:8000/webhook
2026-02-05 13:08:29 | INFO     | Done: C:\Users\Admin\OneDrive\Desktop\AI_Employee_Vault\Done
2026-02-05 13:08:29 | INFO     | Failed: C:\Users\Admin\OneDrive\Desktop\AI_Employee_Vault\Failed
2026-02-05 13:08:29 | INFO     | ============================================================
2026-02-05 13:09:00 | INFO     | ============================================================
2026-02-05 13:09:00 | INFO     | Webhook Dispatcher Agent started
2026-02-05 13:09:00 | INFO     | Input: C:\Users\Admin\OneDrive\Desktop\AI_Employee_Vault\In_Progress
2026-02-05 13:09:00 | INFO     | Plans: C:\Users\Admin\OneDrive\Desktop\AI_Employee_Vault\Plans
2026-02-05 13:09:00 | INFO     | Webhook: http://localhost:8000/webhook
2026-02-05 13:09:00 | INFO     | Done: C:\Users\Admin\OneDrive\Desktop\AI_Employee_Vault\Done
2026-02-05 13:09:00 | INFO     | Failed: C:\Users\Admin\OneDrive\Desktop\AI_Employee_Vault\Failed
2026-02-05 13:09:00 | INFO     | ============================================================
2026-02-05 13:09:32 | INFO     | ============================================================
2026-02-05 13:09:32 | INFO     | Webhook Dispatcher Agent started
2026-02-05 13:09:32 | INFO     | Input: C:\Users\Admin\OneDrive\Desktop\AI_Employee_Vault\In_Progress
2026-02-05 13:09:32 | INFO     | Plans: C:\Users\Admin\OneDrive\Desktop\AI_Employee_Vault\Plans
2026-02-05 13:09:32 | INFO     | Webhook: http://localhost:8000/webhook
2026-02-05 13:09:32 | INFO     | Done: C:\Users\Admin\OneDrive\Desktop\AI_Employee_Vault\Done
2026-02-05 13:09:32 | INFO     | Failed: C:\Users\Admin\OneDrive\Desktop\AI_Employee_Vault\Failed
2026-02-05 13:09:32 | INFO     | ============================================================
2026-02-05 13:10:03 | INFO     | ============================================================
2026-02-05 13:10:03 | INFO     | Webhook Dispatcher Agent started
2026-02-05 13:10:03 | INFO     | Input: C:\Users\Admin\OneDrive\Desktop\AI_Employee_Vault\In_Progress
2026-02-05 13:10:03 | INFO     | Plans: C:\Users\Admin\OneDrive\Desktop\AI_Employee_Vault\Plans
2026-02-05 13:10:03 | INFO     | Webhook: http://localhost:8000/webhook
2026-02-05 13:10:03 | INFO     | Done: C:\Users\Admin\OneDrive\Desktop\AI_Employee_Vault\Done
2026-02-05 13:10:03 | INFO     | Failed: C:\Users\Admin\OneDrive\Desktop\AI_Employee_Vault\Failed
2026-02-05 13:10:03 | INFO     | ============================================================
2026-02-05 13:10:34 | INFO     | ============================================================
2026-02-05 13:10:34 | INFO     | Webhook Dispatcher Agent started
2026-02-05 13:10:34 | INFO     | Input: C:\Users\Admin\OneDrive\Desktop\AI_Employee_Vault\In_Progress
2026-02-05 13:10:34 | INFO     | Plans: C:\Users\Admin\OneDrive\Desktop\AI_Employee_Vault\Plans
2026-02-05 13:10:34 | INFO     | Webhook: http://localhost:8000/webhook
2026-02-05 13:10:34 | INFO     | Done: C:\Users\Admin\OneDrive\Desktop\AI_Employee_Vault\Done
2026-02-05 13:10:34 | INFO     | Failed: C:\Users\Admin\OneDrive\Desktop\AI_Employee_Vault\Failed
2026-02-05 13:10:34 | INFO     | ============================================================
2026-02-05 13:11:05 | INFO     | ============================================================
2026-02-05 13:11:05 | INFO     | Webhook Dispatcher Agent started
2026-02-05 13:11:05 | INFO     | Input: C:\Users\Admin\OneDrive\Desktop\AI_Employee_Vault\In_Progress
2026-02-05 13:11:05 | INFO     | Plans: C:\Users\Admin\OneDrive\Desktop\AI_Employee_Vault\Plans
2026-02-05 13:11:05 | INFO     | Webhook: http://localhost:8000/webhook
2026-02-05 13:11:05 | INFO     | Done: C:\Users\Admin\OneDrive\Desktop\AI_Employee_Vault\Done
2026-02-05 13:11:05 | INFO     | Failed: C:\Users\Admin\OneDrive\Desktop\AI_Employee_Vault\Failed
2026-02-05 13:11:05 | INFO     | ============================================================
2026-02-05 13:11:37 | INFO     | ============================================================
2026-02-05 13:11:37 | INFO     | Webhook Dispatcher Agent started
2026-02-05 13:11:37 | INFO     | Input: C:\Users\Admin\OneDrive\Desktop\AI_Employee_Vault\In_Progress
2026-02-05 13:11:37 | INFO     | Plans: C:\Users\Admin\OneDrive\Desktop\AI_Employee_Vault\Plans
2026-02-05 13:11:37 | INFO     | Webhook: http://localhost:8000/webhook
2026-02-05 13:11:37 | INFO     | Done: C:\Users\Admin\OneDrive\Desktop\AI_Employee_Vault\Done
2026-02-05 13:11:37 | INFO     | Failed: C:\Users\Admin\OneDrive\Desktop\AI_Employee_Vault\Failed
2026-02-05 13:11:37 | INFO     | ============================================================
2026-02-05 13:12:08 | INFO     | ============================================================
2026-02-05 13:12:08 | INFO     | Webhook Dispatcher Agent started
2026-02-05 13:12:08 | INFO     | Input: C:\Users\Admin\OneDrive\Desktop\AI_Employee_Vault\In_Progress
2026-02-05 13:12:08 | INFO     | Plans: C:\Users\Admin\OneDrive\Desktop\AI_Employee_Vault\Plans
2026-02-05 13:12:08 | INFO     | Webhook: http://localhost:8000/webhook
2026-02-05 13:12:08 | INFO     | Done: C:\Users\Admin\OneDrive\Desktop\AI_Employee_Vault\Done
2026-02-05 13:12:08 | INFO     | Failed: C:\Users\Admin\OneDrive\Desktop\AI_Employee_Vault\Failed
2026-02-05 13:12:08 | INFO     | ============================================================
2026-02-05 13:12:40 | INFO     | ============================================================
2026-02-05 13:12:40 | INFO     | Webhook Dispatcher Agent started
2026-02-05 13:12:40 | INFO     | Input: C:\Users\Admin\OneDrive\Desktop\AI_Employee_Vault\In_Progress
2026-02-05 13:12:40 | INFO     | Plans: C:\Users\Admin\OneDrive\Desktop\AI_Employee_Vault\Plans
2026-02-05 13:12:40 | INFO     | Webhook: http://localhost:8000/webhook
2026-02-05 13:12:40 | INFO     | Done: C:\Users\Admin\OneDrive\Desktop\AI_Employee_Vault\Done
2026-02-05 13:12:40 | INFO     | Failed: C:\Users\Admin\OneDrive\Desktop\AI_Employee_Vault\Failed
2026-02-05 13:12:40 | INFO     | ============================================================
2026-02-05 13:13:11 | INFO     | ============================================================
2026-02-05 13:13:11 | INFO     | Webhook Dispatcher Agent started
2026-02-05 13:13:11 | INFO     | Input: C:\Users\Admin\OneDrive\Desktop\AI_Employee_Vault\In_Progress
2026-02-05 13:13:11 | INFO     | Plans: C:\Users\Admin\OneDrive\Desktop\AI_Employee_Vault\Plans
2026-02-05 13:13:11 | INFO     | Webhook: http://localhost:8000/webhook
2026-02-05 13:13:11 | INFO     | Done: C:\Users\Admin\OneDrive\Desktop\AI_Employee_Vault\Done
2026-02-05 13:13:11 | INFO     | Failed: C:\Users\Admin\OneDrive\Desktop\AI_Employee_Vault\Failed
2026-02-05 13:13:11 | INFO     | ============================================================
2026-02-05 13:13:43 | INFO     | ============================================================
2026-02-05 13:13:43 | INFO     | Webhook Dispatcher Agent started
2026-02-05 13:13:43 | INFO     | Input: C:\Users\Admin\OneDrive\Desktop\AI_Employee_Vault\In_Progress
2026-02-05 13:13:43 | INFO     | Plans: C:\Users\Admin\OneDrive\Desktop\AI_Employee_Vault\Plans
2026-02-05 13:13:43 | INFO     | Webhook: http://localhost:8000/webhook
2026-02-05 13:13:43 | INFO     | Done: C:\Users\Admin\OneDrive\Desktop\AI_Employee_Vault\Done
2026-02-05 13:13:43 | INFO     | Failed: C:\Users\Admin\OneDrive\Desktop\AI_Employee_Vault\Failed
2026-02-05 13:13:43 | INFO     | ============================================================
2026-02-05 13:14:14 | INFO     | ============================================================
2026-02-05 13:14:14 | INFO     | Webhook Dispatcher Agent started
2026-02-05 13:14:14 | INFO     | Input: C:\Users\Admin\OneDrive\Desktop\AI_Employee_Vault\In_Progress
2026-02-05 13:14:14 | INFO     | Plans: C:\Users\Admin\OneDrive\Desktop\AI_Employee_Vault\Plans
2026-02-05 13:14:14 | INFO     | Webhook: http://localhost:8000/webhook
2026-02-05 13:14:14 | INFO     | Done: C:\Users\Admin\OneDrive\Desktop\AI_Employee_Vault\Done
2026-02-05 13:14:14 | INFO     | Failed: C:\Users\Admin\OneDrive\Desktop\AI_Employee_Vault\Failed
2026-02-05 13:14:14 | INFO     | ============================================================
2026-02-05 13:14:45 | INFO     | ============================================================
2026-02-05 13:14:45 | INFO     | Webhook Dispatcher Agent started
2026-02-05 13:14:45 | INFO     | Input: C:\Users\Admin\OneDrive\Desktop\AI_Employee_Vault\In_Progress
2026-02-05 13:14:45 | INFO     | Plans: C:\Users\Admin\OneDrive\Desktop\AI_Employee_Vault\Plans
2026-02-05 13:14:45 | INFO     | Webhook: http://localhost:8000/webhook
2026-02-05 13:14:45 | INFO     | Done: C:\Users\Admin\OneDrive\Desktop\AI_Employee_Vault\Done
2026-02-05 13:14:45 | INFO     | Failed: C:\Users\Admin\OneDrive\Desktop\AI_Employee_Vault\Failed
2026-02-05 13:14:45 | INFO     | ============================================================
2026-02-05 13:15:16 | INFO     | ============================================================
2026-02-05 13:15:16 | INFO     | Webhook Dispatcher Agent started
2026-02-05 13:15:16 | INFO     | Input: C:\Users\Admin\OneDrive\Desktop\AI_Employee_Vault\In_Progress
2026-02-05 13:15:16 | INFO     | Plans: C:\Users\Admin\OneDrive\Desktop\AI_Employee_Vault\Plans
2026-02-05 13:15:16 | INFO     | Webhook: http://localhost:8000/webhook
2026-02-05 13:15:16 | INFO     | Done: C:\Users\Admin\OneDrive\Desktop\AI_Employee_Vault\Done
2026-02-05 13:15:16 | INFO     | Failed: C:\Users\Admin\OneDrive\Desktop\AI_Employee_Vault\Failed
2026-02-05 13:15:16 | INFO     | ============================================================
2026-02-05 13:15:48 | INFO     | ============================================================
2026-02-05 13:15:48 | INFO     | Webhook Dispatcher Agent started
2026-02-05 13:15:48 | INFO     | Input: C:\Users\Admin\OneDrive\Desktop\AI_Employee_Vault\In_Progress
2026-02-05 13:15:48 | INFO     | Plans: C:\Users\Admin\OneDrive\Desktop\AI_Employee_Vault\Plans
2026-02-05 13:15:48 | INFO     | Webhook: http://localhost:8000/webhook
2026-02-05 13:15:48 | INFO     | Done: C:\Users\Admin\OneDrive\Desktop\AI_Employee_Vault\Done
2026-02-05 13:15:48 | INFO     | Failed: C:\Users\Admin\OneDrive\Desktop\AI_Employee_Vault\Failed
2026-02-05 13:15:48 | INFO     | ============================================================
2026-02-05 13:16:19 | INFO     | ============================================================
2026-02-05 13:16:19 | INFO     | Webhook Dispatcher Agent started
2026-02-05 13:16:19 | INFO     | Input: C:\Users\Admin\OneDrive\Desktop\AI_Employee_Vault\In_Progress
2026-02-05 13:16:19 | INFO     | Plans: C:\Users\Admin\OneDrive\Desktop\AI_Employee_Vault\Plans
2026-02-05 13:16:19 | INFO     | Webhook: http://localhost:8000/webhook
2026-02-05 13:16:19 | INFO     | Done: C:\Users\Admin\OneDrive\Desktop\AI_Employee_Vault\Done
2026-02-05 13:16:19 | INFO     | Failed: C:\Users\Admin\OneDrive\Desktop\AI_Employee_Vault\Failed
2026-02-05 13:16:19 | INFO     | ============================================================
2026-02-05 13:16:50 | INFO     | ============================================================
2026-02-05 13:16:50 | INFO     | Webhook Dispatcher Agent started
2026-02-05 13:16:50 | INFO     | Input: C:\Users\Admin\OneDrive\Desktop\AI_Employee_Vault\In_Progress
2026-02-05 13:16:50 | INFO     | Plans: C:\Users\Admin\OneDrive\Desktop\AI_Employee_Vault\Plans
2026-02-05 13:16:50 | INFO     | Webhook: http://localhost:8000/webhook
2026-02-05 13:16:50 | INFO     | Done: C:\Users\Admin\OneDrive\Desktop\AI_Employee_Vault\Done
2026-02-05 13:16:50 | INFO     | Failed: C:\Users\Admin\OneDrive\Desktop\AI_Employee_Vault\Failed
2026-02-05 13:16:50 | INFO     | ============================================================
2026-02-05 13:17:22 | INFO     | ============================================================
2026-02-05 13:17:22 | INFO     | Webhook Dispatcher Agent started
2026-02-05 13:17:22 | INFO     | Input: C:\Users\Admin\OneDrive\Desktop\AI_Employee_Vault\In_Progress
2026-02-05 13:17:22 | INFO     | Plans: C:\Users\Admin\OneDrive\Desktop\AI_Employee_Vault\Plans
2026-02-05 13:17:22 | INFO     | Webhook: http://localhost:8000/webhook
2026-02-05 13:17:22 | INFO     | Done: C:\Users\Admin\OneDrive\Desktop\AI_Employee_Vault\Done
2026-02-05 13:17:22 | INFO     | Failed: C:\Users\Admin\OneDrive\Desktop\AI_Employee_Vault\Failed
2026-02-05 13:17:22 | INFO     | ============================================================
2026-02-05 13:17:53 | INFO     | ============================================================
2026-02-05 13:17:53 | INFO     | Webhook Dispatcher Agent started
2026-02-05 13:17:53 | INFO     | Input: C:\Users\Admin\OneDrive\Desktop\AI_Employee_Vault\In_Progress
2026-02-05 13:17:53 | INFO     | Plans: C:\Users\Admin\OneDrive\Desktop\AI_Employee_Vault\Plans
2026-02-05 13:17:53 | INFO     | Webhook: http://localhost:8000/webhook
2026-02-05 13:17:53 | INFO     | Done: C:\Users\Admin\OneDrive\Desktop\AI_Employee_Vault\Done
2026-02-05 13:17:53 | INFO     | Failed: C:\Users\Admin\OneDrive\Desktop\AI_Employee_Vault\Failed
2026-02-05 13:17:53 | INFO     | ============================================================
2026-02-05 13:18:25 | INFO     | ============================================================
2026-02-05 13:18:25 | INFO     | Webhook Dispatcher Agent started
2026-02-05 13:18:25 | INFO     | Input: C:\Users\Admin\OneDrive\Desktop\AI_Employee_Vault\In_Progress
2026-02-05 13:18:25 | INFO     | Plans: C:\Users\Admin\OneDrive\Desktop\AI_Employee_Vault\Plans
2026-02-05 13:18:25 | INFO     | Webhook: http://localhost:8000/webhook
2026-02-05 13:18:25 | INFO     | Done: C:\Users\Admin\OneDrive\Desktop\AI_Employee_Vault\Done
2026-02-05 13:18:25 | INFO     | Failed: C:\Users\Admin\OneDrive\Desktop\AI_Employee_Vault\Failed
2026-02-05 13:18:25 | INFO     | ============================================================
2026-02-05 13:18:56 | INFO     | ============================================================
2026-02-05 13:18:56 | INFO     | Webhook Dispatcher Agent started
2026-02-05 13:18:56 | INFO     | Input: C:\Users\Admin\OneDrive\Desktop\AI_Employee_Vault\In_Progress
2026-02-05 13:18:56 | INFO     | Plans: C:\Users\Admin\OneDrive\Desktop\AI_Employee_Vault\Plans
2026-02-05 13:18:56 | INFO     | Webhook: http://localhost:8000/webhook
2026-02-05 13:18:56 | INFO     | Done: C:\Users\Admin\OneDrive\Desktop\AI_Employee_Vault\Done
2026-02-05 13:18:56 | INFO     | Failed: C:\Users\Admin\OneDrive\Desktop\AI_Employee_Vault\Failed
2026-02-05 13:18:56 | INFO     | ============================================================
2026-02-05 13:19:28 | INFO     | ============================================================
2026-02-05 13:19:28 | INFO     | Webhook Dispatcher Agent started
2026-02-05 13:19:28 | INFO     | Input: C:\Users\Admin\OneDrive\Desktop\AI_Employee_Vault\In_Progress
2026-02-05 13:19:28 | INFO     | Plans: C:\Users\Admin\OneDrive\Desktop\AI_Employee_Vault\Plans
2026-02-05 13:19:28 | INFO     | Webhook: http://localhost:8000/webhook
2026-02-05 13:19:28 | INFO     | Done: C:\Users\Admin\OneDrive\Desktop\AI_Employee_Vault\Done
2026-02-05 13:19:28 | INFO     | Failed: C:\Users\Admin\OneDrive\Desktop\AI_Employee_Vault\Failed
2026-02-05 13:19:28 | INFO     | ============================================================
2026-02-05 13:19:59 | INFO     | ============================================================
2026-02-05 13:19:59 | INFO     | Webhook Dispatcher Agent started
2026-02-05 13:19:59 | INFO     | Input: C:\Users\Admin\OneDrive\Desktop\AI_Employee_Vault\In_Progress
2026-02-05 13:19:59 | INFO     | Plans: C:\Users\Admin\OneDrive\Desktop\AI_Employee_Vault\Plans
2026-02-05 13:19:59 | INFO     | Webhook: http://localhost:8000/webhook
2026-02-05 13:19:59 | INFO     | Done: C:\Users\Admin\OneDrive\Desktop\AI_Employee_Vault\Done
2026-02-05 13:19:59 | INFO     | Failed: C:\Users\Admin\OneDrive\Desktop\AI_Employee_Vault\Failed
2026-02-05 13:19:59 | INFO     | ============================================================
2026-02-05 13:20:31 | INFO     | ============================================================
2026-02-05 13:20:31 | INFO     | Webhook Dispatcher Agent started
2026-02-05 13:20:31 | INFO     | Input: C:\Users\Admin\OneDrive\Desktop\AI_Employee_Vault\In_Progress
2026-02-05 13:20:31 | INFO     | Plans: C:\Users\Admin\OneDrive\Desktop\AI_Employee_Vault\Plans
2026-02-05 13:20:31 | INFO     | Webhook: http://localhost:8000/webhook
2026-02-05 13:20:31 | INFO     | Done: C:\Users\Admin\OneDrive\Desktop\AI_Employee_Vault\Done
2026-02-05 13:20:31 | INFO     | Failed: C:\Users\Admin\OneDrive\Desktop\AI_Employee_Vault\Failed
2026-02-05 13:20:31 | INFO     | ============================================================
2026-02-05 13:21:03 | INFO     | ============================================================
2026-02-05 13:21:03 | INFO     | Webhook Dispatcher Agent started
2026-02-05 13:21:03 | INFO     | Input: C:\Users\Admin\OneDrive\Desktop\AI_Employee_Vault\In_Progress
2026-02-05 13:21:03 | INFO     | Plans: C:\Users\Admin\OneDrive\Desktop\AI_Employee_Vault\Plans
2026-02-05 13:21:03 | INFO     | Webhook: http://localhost:8000/webhook
2026-02-05 13:21:03 | INFO     | Done: C:\Users\Admin\OneDrive\Desktop\AI_Employee_Vault\Done
2026-02-05 13:21:03 | INFO     | Failed: C:\Users\Admin\OneDrive\Desktop\AI_Employee_Vault\Failed
2026-02-05 13:21:03 | INFO     | ============================================================
2026-02-05 13:21:34 | INFO     | ============================================================
2026-02-05 13:21:34 | INFO     | Webhook Dispatcher Agent started
2026-02-05 13:21:34 | INFO     | Input: C:\Users\Admin\OneDrive\Desktop\AI_Employee_Vault\In_Progress
2026-02-05 13:21:34 | INFO     | Plans: C:\Users\Admin\OneDrive\Desktop\AI_Employee_Vault\Plans
2026-02-05 13:21:34 | INFO     | Webhook: http://localhost:8000/webhook
2026-02-05 13:21:34 | INFO     | Done: C:\Users\Admin\OneDrive\Desktop\AI_Employee_Vault\Done
2026-02-05 13:21:34 | INFO     | Failed: C:\Users\Admin\OneDrive\Desktop\AI_Employee_Vault\Failed
2026-02-05 13:21:34 | INFO     | ============================================================
2026-02-05 13:22:06 | INFO     | ============================================================
2026-02-05 13:22:06 | INFO     | Webhook Dispatcher Agent started
2026-02-05 13:22:06 | INFO     | Input: C:\Users\Admin\OneDrive\Desktop\AI_Employee_Vault\In_Progress
2026-02-05 13:22:06 | INFO     | Plans: C:\Users\Admin\OneDrive\Desktop\AI_Employee_Vault\Plans
2026-02-05 13:22:06 | INFO     | Webhook: http://localhost:8000/webhook
2026-02-05 13:22:06 | INFO     | Done: C:\Users\Admin\OneDrive\Desktop\AI_Employee_Vault\Done
2026-02-05 13:22:06 | INFO     | Failed: C:\Users\Admin\OneDrive\Desktop\AI_Employee_Vault\Failed
2026-02-05 13:22:06 | INFO     | ============================================================
2026-02-05 13:22:37 | INFO     | ============================================================
2026-02-05 13:22:37 | INFO     | Webhook Dispatcher Agent started
2026-02-05 13:22:37 | INFO     | Input: C:\Users\Admin\OneDrive\Desktop\AI_Employee_Vault\In_Progress
2026-02-05 13:22:37 | INFO     | Plans: C:\Users\Admin\OneDrive\Desktop\AI_Employee_Vault\Plans
2026-02-05 13:22:37 | INFO     | Webhook: http://localhost:8000/webhook
2026-02-05 13:22:37 | INFO     | Done: C:\Users\Admin\OneDrive\Desktop\AI_Employee_Vault\Done
2026-02-05 13:22:37 | INFO     | Failed: C:\Users\Admin\OneDrive\Desktop\AI_Employee_Vault\Failed
2026-02-05 13:22:37 | INFO     | ============================================================
2026-02-05 13:23:08 | INFO     | ============================================================
2026-02-05 13:23:08 | INFO     | Webhook Dispatcher Agent started
2026-02-05 13:23:08 | INFO     | Input: C:\Users\Admin\OneDrive\Desktop\AI_Employee_Vault\In_Progress
2026-02-05 13:23:08 | INFO     | Plans: C:\Users\Admin\OneDrive\Desktop\AI_Employee_Vault\Plans
2026-02-05 13:23:08 | INFO     | Webhook: http://localhost:8000/webhook
2026-02-05 13:23:08 | INFO     | Done: C:\Users\Admin\OneDrive\Desktop\AI_Employee_Vault\Done
2026-02-05 13:23:08 | INFO     | Failed: C:\Users\Admin\OneDrive\Desktop\AI_Employee_Vault\Failed
2026-02-05 13:23:08 | INFO     | ============================================================
2026-02-05 13:23:39 | INFO     | ============================================================
2026-02-05 13:23:39 | INFO     | Webhook Dispatcher Agent started
2026-02-05 13:23:39 | INFO     | Input: C:\Users\Admin\OneDrive\Desktop\AI_Employee_Vault\In_Progress
2026-02-05 13:23:39 | INFO     | Plans: C:\Users\Admin\OneDrive\Desktop\AI_Employee_Vault\Plans
2026-02-05 13:23:39 | INFO     | Webhook: http://localhost:8000/webhook
2026-02-05 13:23:39 | INFO     | Done: C:\Users\Admin\OneDrive\Desktop\AI_Employee_Vault\Done
2026-02-05 13:23:39 | INFO     | Failed: C:\Users\Admin\OneDrive\Desktop\AI_Employee_Vault\Failed
2026-02-05 13:23:39 | INFO     | ============================================================
2026-02-05 13:24:11 | INFO     | ============================================================
2026-02-05 13:24:11 | INFO     | Webhook Dispatcher Agent started
2026-02-05 13:24:11 | INFO     | Input: C:\Users\Admin\OneDrive\Desktop\AI_Employee_Vault\In_Progress
2026-02-05 13:24:11 | INFO     | Plans: C:\Users\Admin\OneDrive\Desktop\AI_Employee_Vault\Plans
2026-02-05 13:24:11 | INFO     | Webhook: http://localhost:8000/webhook
2026-02-05 13:24:11 | INFO     | Done: C:\Users\Admin\OneDrive\Desktop\AI_Employee_Vault\Done
2026-02-05 13:24:11 | INFO     | Failed: C:\Users\Admin\OneDrive\Desktop\AI_Employee_Vault\Failed
2026-02-05 13:24:11 | INFO     | ============================================================
2026-02-05 13:24:42 | INFO     | ============================================================
2026-02-05 13:24:42 | INFO     | Webhook Dispatcher Agent started
2026-02-05 13:24:42 | INFO     | Input: C:\Users\Admin\OneDrive\Desktop\AI_Employee_Vault\In_Progress
2026-02-05 13:24:42 | INFO     | Plans: C:\Users\Admin\OneDrive\Desktop\AI_Employee_Vault\Plans
2026-02-05 13:24:42 | INFO     | Webhook: http://localhost:8000/webhook
2026-02-05 13:24:42 | INFO     | Done: C:\Users\Admin\OneDrive\Desktop\AI_Employee_Vault\Done
2026-02-05 13:24:42 | INFO     | Failed: C:\Users\Admin\OneDrive\Desktop\AI_Employee_Vault\Failed
2026-02-05 13:24:42 | INFO     | ============================================================
2026-02-05 13:25:13 | INFO     | ============================================================
2026-02-05 13:25:13 | INFO     | Webhook Dispatcher Agent started
2026-02-05 13:25:13 | INFO     | Input: C:\Users\Admin\OneDrive\Desktop\AI_Employee_Vault\In_Progress
2026-02-05 13:25:13 | INFO     | Plans: C:\Users\Admin\OneDrive\Desktop\AI_Employee_Vault\Plans
2026-02-05 13:25:13 | INFO     | Webhook: http://localhost:8000/webhook
2026-02-05 13:25:13 | INFO     | Done: C:\Users\Admin\OneDrive\Desktop\AI_Employee_Vault\Done
2026-02-05 13:25:13 | INFO     | Failed: C:\Users\Admin\OneDrive\Desktop\AI_Employee_Vault\Failed
2026-02-05 13:25:13 | INFO     | ============================================================
2026-02-05 13:25:45 | INFO     | ============================================================
2026-02-05 13:25:45 | INFO     | Webhook Dispatcher Agent started
2026-02-05 13:25:45 | INFO     | Input: C:\Users\Admin\OneDrive\Desktop\AI_Employee_Vault\In_Progress
2026-02-05 13:25:45 | INFO     | Plans: C:\Users\Admin\OneDrive\Desktop\AI_Employee_Vault\Plans
2026-02-05 13:25:45 | INFO     | Webhook: http://localhost:8000/webhook
2026-02-05 13:25:45 | INFO     | Done: C:\Users\Admin\OneDrive\Desktop\AI_Employee_Vault\Done
2026-02-05 13:25:45 | INFO     | Failed: C:\Users\Admin\OneDrive\Desktop\AI_Employee_Vault\Failed
2026-02-05 13:25:45 | INFO     | ============================================================
2026-02-05 13:26:16 | INFO     | ============================================================
2026-02-05 13:26:16 | INFO     | Webhook Dispatcher Agent started
2026-02-05 13:26:16 | INFO     | Input: C:\Users\Admin\OneDrive\Desktop\AI_Employee_Vault\In_Progress
2026-02-05 13:26:16 | INFO     | Plans: C:\Users\Admin\OneDrive\Desktop\AI_Employee_Vault\Plans
2026-02-05 13:26:16 | INFO     | Webhook: http://localhost:8000/webhook
2026-02-05 13:26:16 | INFO     | Done: C:\Users\Admin\OneDrive\Desktop\AI_Employee_Vault\Done
2026-02-05 13:26:16 | INFO     | Failed: C:\Users\Admin\OneDrive\Desktop\AI_Employee_Vault\Failed
2026-02-05 13:26:16 | INFO     | ============================================================
2026-02-05 13:26:47 | INFO     | ============================================================
2026-02-05 13:26:47 | INFO     | Webhook Dispatcher Agent started
2026-02-05 13:26:47 | INFO     | Input: C:\Users\Admin\OneDrive\Desktop\AI_Employee_Vault\In_Progress
2026-02-05 13:26:47 | INFO     | Plans: C:\Users\Admin\OneDrive\Desktop\AI_Employee_Vault\Plans
2026-02-05 13:26:47 | INFO     | Webhook: http://localhost:8000/webhook
2026-02-05 13:26:47 | INFO     | Done: C:\Users\Admin\OneDrive\Desktop\AI_Employee_Vault\Done
2026-02-05 13:26:47 | INFO     | Failed: C:\Users\Admin\OneDrive\Desktop\AI_Employee_Vault\Failed
2026-02-05 13:26:47 | INFO     | ============================================================
2026-02-05 13:27:19 | INFO     | ============================================================
2026-02-05 13:27:19 | INFO     | Webhook Dispatcher Agent started
2026-02-05 13:27:19 | INFO     | Input: C:\Users\Admin\OneDrive\Desktop\AI_Employee_Vault\In_Progress
2026-02-05 13:27:19 | INFO     | Plans: C:\Users\Admin\OneDrive\Desktop\AI_Employee_Vault\Plans
2026-02-05 13:27:19 | INFO     | Webhook: http://localhost:8000/webhook
2026-02-05 13:27:19 | INFO     | Done: C:\Users\Admin\OneDrive\Desktop\AI_Employee_Vault\Done
2026-02-05 13:27:19 | INFO     | Failed: C:\Users\Admin\OneDrive\Desktop\AI_Employee_Vault\Failed
2026-02-05 13:27:19 | INFO     | ============================================================
2026-02-05 13:27:50 | INFO     | ============================================================
2026-02-05 13:27:50 | INFO     | Webhook Dispatcher Agent started
2026-02-05 13:27:50 | INFO     | Input: C:\Users\Admin\OneDrive\Desktop\AI_Employee_Vault\In_Progress
2026-02-05 13:27:50 | INFO     | Plans: C:\Users\Admin\OneDrive\Desktop\AI_Employee_Vault\Plans
2026-02-05 13:27:50 | INFO     | Webhook: http://localhost:8000/webhook
2026-02-05 13:27:50 | INFO     | Done: C:\Users\Admin\OneDrive\Desktop\AI_Employee_Vault\Done
2026-02-05 13:27:50 | INFO     | Failed: C:\Users\Admin\OneDrive\Desktop\AI_Employee_Vault\Failed
2026-02-05 13:27:50 | INFO     | ============================================================
2026-02-05 13:28:21 | INFO     | ============================================================
2026-02-05 13:28:21 | INFO     | Webhook Dispatcher Agent started
2026-02-05 13:28:21 | INFO     | Input: C:\Users\Admin\OneDrive\Desktop\AI_Employee_Vault\In_Progress
2026-02-05 13:28:21 | INFO     | Plans: C:\Users\Admin\OneDrive\Desktop\AI_Employee_Vault\Plans
2026-02-05 13:28:21 | INFO     | Webhook: http://localhost:8000/webhook
2026-02-05 13:28:21 | INFO     | Done: C:\Users\Admin\OneDrive\Desktop\AI_Employee_Vault\Done
2026-02-05 13:28:21 | INFO     | Failed: C:\Users\Admin\OneDrive\Desktop\AI_Employee_Vault\Failed
2026-02-05 13:28:21 | INFO     | ============================================================
2026-02-05 13:28:53 | INFO     | ============================================================
2026-02-05 13:28:53 | INFO     | Webhook Dispatcher Agent started
2026-02-05 13:28:53 | INFO     | Input: C:\Users\Admin\OneDrive\Desktop\AI_Employee_Vault\In_Progress
2026-02-05 13:28:53 | INFO     | Plans: C:\Users\Admin\OneDrive\Desktop\AI_Employee_Vault\Plans
2026-02-05 13:28:53 | INFO     | Webhook: http://localhost:8000/webhook
2026-02-05 13:28:53 | INFO     | Done: C:\Users\Admin\OneDrive\Desktop\AI_Employee_Vault\Done
2026-02-05 13:28:53 | INFO     | Failed: C:\Users\Admin\OneDrive\Desktop\AI_Employee_Vault\Failed
2026-02-05 13:28:53 | INFO     | ============================================================
2026-02-05 13:29:24 | INFO     | ============================================================
2026-02-05 13:29:24 | INFO     | Webhook Dispatcher Agent started
2026-02-05 13:29:24 | INFO     | Input: C:\Users\Admin\OneDrive\Desktop\AI_Employee_Vault\In_Progress
2026-02-05 13:29:24 | INFO     | Plans: C:\Users\Admin\OneDrive\Desktop\AI_Employee_Vault\Plans
2026-02-05 13:29:24 | INFO     | Webhook: http://localhost:8000/webhook
2026-02-05 13:29:24 | INFO     | Done: C:\Users\Admin\OneDrive\Desktop\AI_Employee_Vault\Done
2026-02-05 13:29:24 | INFO     | Failed: C:\Users\Admin\OneDrive\Desktop\AI_Employee_Vault\Failed
2026-02-05 13:29:24 | INFO     | ============================================================
2026-02-05 13:29:55 | INFO     | ============================================================
2026-02-05 13:29:55 | INFO     | Webhook Dispatcher Agent started
2026-02-05 13:29:55 | INFO     | Input: C:\Users\Admin\OneDrive\Desktop\AI_Employee_Vault\In_Progress
2026-02-05 13:29:55 | INFO     | Plans: C:\Users\Admin\OneDrive\Desktop\AI_Employee_Vault\Plans
2026-02-05 13:29:55 | INFO     | Webhook: http://localhost:8000/webhook
2026-02-05 13:29:55 | INFO     | Done: C:\Users\Admin\OneDrive\Desktop\AI_Employee_Vault\Done
2026-02-05 13:29:55 | INFO     | Failed: C:\Users\Admin\OneDrive\Desktop\AI_Employee_Vault\Failed
2026-02-05 13:29:55 | INFO     | ============================================================
2026-04-23 16:04:11 | INFO     | ============================================================
2026-04-23 16:04:11 | INFO     | Webhook Dispatcher Agent started
2026-04-23 16:04:11 | INFO     | Input: C:\dev\AI_Employee_Vault\In_Progress
2026-04-23 16:04:11 | INFO     | Plans: C:\dev\AI_Employee_Vault\Plans
2026-04-23 16:04:11 | INFO     | Webhook: http://localhost:8000/webhook
2026-04-23 16:04:11 | INFO     | Done: C:\dev\AI_Employee_Vault\Done
2026-04-23 16:04:11 | INFO     | Failed: C:\dev\AI_Employee_Vault\Failed
2026-04-23 16:04:11 | INFO     | ============================================================
2026-04-23 16:04:11 | INFO     | No tasks found in In_Progress directory
2026-04-23 23:25:38 | INFO     | ============================================================
2026-04-23 23:25:38 | INFO     | Webhook Dispatcher Agent started
2026-04-23 23:25:38 | INFO     | Input: C:\dev\AI_Employee_Vault\In_Progress
2026-04-23 23:25:38 | INFO     | Plans: C:\dev\AI_Employee_Vault\Plans
2026-04-23 23:25:38 | INFO     | Webhook: http://localhost:8000/webhook
2026-04-23 23:25:38 | INFO     | Done: C:\dev\AI_Employee_Vault\Done
2026-04-23 23:25:38 | INFO     | Failed: C:\dev\AI_Employee_Vault\Failed
2026-04-23 23:25:38 | INFO     | ============================================================
2026-04-23 23:26:09 | INFO     | ============================================================
2026-04-23 23:26:09 | INFO     | Webhook Dispatcher Agent started
2026-04-23 23:26:09 | INFO     | Input: C:\dev\AI_Employee_Vault\In_Progress
2026-04-23 23:26:09 | INFO     | Plans: C:\dev\AI_Employee_Vault\Plans
2026-04-23 23:26:09 | INFO     | Webhook: http://localhost:8000/webhook
2026-04-23 23:26:09 | INFO     | Done: C:\dev\AI_Employee_Vault\Done
2026-04-23 23:26:09 | INFO     | Failed: C:\dev\AI_Employee_Vault\Failed
2026-04-23 23:26:09 | INFO     | ============================================================
2026-04-23 23:27:35 | INFO     | ============================================================
2026-04-23 23:27:35 | INFO     | Webhook Dispatcher Agent started
2026-04-23 23:27:35 | INFO     | Input: C:\dev\AI_Employee_Vault\In_Progress
2026-04-23 23:27:35 | INFO     | Plans: C:\dev\AI_Employee_Vault\Plans
2026-04-23 23:27:35 | INFO     | Webhook: http://localhost:8000/webhook
2026-04-23 23:27:35 | INFO     | Done: C:\dev\AI_Employee_Vault\Done
2026-04-23 23:27:35 | INFO     | Failed: C:\dev\AI_Employee_Vault\Failed
2026-04-23 23:27:35 | INFO     | ============================================================
2026-04-23 23:27:35 | INFO     | No tasks found in In_Progress directory
2026-04-23 23:28:06 | INFO     | ============================================================
2026-04-23 23:28:06 | INFO     | Webhook Dispatcher Agent started
2026-04-23 23:28:06 | INFO     | Input: C:\dev\AI_Employee_Vault\In_Progress
2026-04-23 23:28:06 | INFO     | Plans: C:\dev\AI_Employee_Vault\Plans
2026-04-23 23:28:06 | INFO     | Webhook: http://localhost:8000/webhook
2026-04-23 23:28:06 | INFO     | Done: C:\dev\AI_Employee_Vault\Done
2026-04-23 23:28:06 | INFO     | Failed: C:\dev\AI_Employee_Vault\Failed
2026-04-23 23:28:06 | INFO     | ============================================================
2026-04-23 23:28:06 | INFO     | No tasks found in In_Progress directory
2026-04-23 23:28:36 | INFO     | ============================================================
2026-04-23 23:28:36 | INFO     | Webhook Dispatcher Agent started
2026-04-23 23:28:36 | INFO     | Input: C:\dev\AI_Employee_Vault\In_Progress
2026-04-23 23:28:36 | INFO     | Plans: C:\dev\AI_Employee_Vault\Plans
2026-04-23 23:28:36 | INFO     | Webhook: http://localhost:8000/webhook
2026-04-23 23:28:36 | INFO     | Done: C:\dev\AI_Employee_Vault\Done
2026-04-23 23:28:36 | INFO     | Failed: C:\dev\AI_Employee_Vault\Failed
2026-04-23 23:28:36 | INFO     | ============================================================
2026-04-23 23:28:36 | INFO     | No tasks found in In_Progress directory
2026-04-23 23:29:07 | INFO     | ============================================================
2026-04-23 23:29:07 | INFO     | Webhook Dispatcher Agent started
2026-04-23 23:29:07 | INFO     | Input: C:\dev\AI_Employee_Vault\In_Progress
2026-04-23 23:29:07 | INFO     | Plans: C:\dev\AI_Employee_Vault\Plans
2026-04-23 23:29:07 | INFO     | Webhook: http://localhost:8000/webhook
2026-04-23 23:29:07 | INFO     | Done: C:\dev\AI_Employee_Vault\Done
2026-04-23 23:29:07 | INFO     | Failed: C:\dev\AI_Employee_Vault\Failed
2026-04-23 23:29:07 | INFO     | ============================================================
2026-04-23 23:29:07 | INFO     | No tasks found in In_Progress directory
2026-04-23 23:29:38 | INFO     | ============================================================
2026-04-23 23:29:38 | INFO     | Webhook Dispatcher Agent started
2026-04-23 23:29:38 | INFO     | Input: C:\dev\AI_Employee_Vault\In_Progress
2026-04-23 23:29:38 | INFO     | Plans: C:\dev\AI_Employee_Vault\Plans
2026-04-23 23:29:38 | INFO     | Webhook: http://localhost:8000/webhook
2026-04-23 23:29:38 | INFO     | Done: C:\dev\AI_Employee_Vault\Done
2026-04-23 23:29:38 | INFO     | Failed: C:\dev\AI_Employee_Vault\Failed
2026-04-23 23:29:38 | INFO     | ============================================================
2026-04-23 23:29:38 | INFO     | No tasks found in In_Progress directory
2026-04-23 23:30:09 | INFO     | ============================================================
2026-04-23 23:30:09 | INFO     | Webhook Dispatcher Agent started
2026-04-23 23:30:09 | INFO     | Input: C:\dev\AI_Employee_Vault\In_Progress
2026-04-23 23:30:09 | INFO     | Plans: C:\dev\AI_Employee_Vault\Plans
2026-04-23 23:30:09 | INFO     | Webhook: http://localhost:8000/webhook
2026-04-23 23:30:09 | INFO     | Done: C:\dev\AI_Employee_Vault\Done
2026-04-23 23:30:09 | INFO     | Failed: C:\dev\AI_Employee_Vault\Failed
2026-04-23 23:30:09 | INFO     | ============================================================
2026-04-23 23:30:09 | INFO     | No tasks found in In_Progress directory
2026-04-23 23:30:40 | INFO     | ============================================================
2026-04-23 23:30:40 | INFO     | Webhook Dispatcher Agent started
2026-04-23 23:30:40 | INFO     | Input: C:\dev\AI_Employee_Vault\In_Progress
2026-04-23 23:30:40 | INFO     | Plans: C:\dev\AI_Employee_Vault\Plans
2026-04-23 23:30:40 | INFO     | Webhook: http://localhost:8000/webhook
2026-04-23 23:30:40 | INFO     | Done: C:\dev\AI_Employee_Vault\Done
2026-04-23 23:30:40 | INFO     | Failed: C:\dev\AI_Employee_Vault\Failed
2026-04-23 23:30:40 | INFO     | ============================================================
2026-04-23 23:30:40 | INFO     | No tasks found in In_Progress directory
2026-04-23 23:31:12 | INFO     | ============================================================
2026-04-23 23:31:12 | INFO     | Webhook Dispatcher Agent started
2026-04-23 23:31:12 | INFO     | Input: C:\dev\AI_Employee_Vault\In_Progress
2026-04-23 23:31:12 | INFO     | Plans: C:\dev\AI_Employee_Vault\Plans
2026-04-23 23:31:12 | INFO     | Webhook: http://localhost:8000/webhook
2026-04-23 23:31:12 | INFO     | Done: C:\dev\AI_Employee_Vault\Done
2026-04-23 23:31:12 | INFO     | Failed: C:\dev\AI_Employee_Vault\Failed
2026-04-23 23:31:12 | INFO     | ============================================================
2026-04-23 23:31:12 | INFO     | No tasks found in In_Progress directory
2026-04-23 23:34:39 | INFO     | ============================================================
2026-04-23 23:34:39 | INFO     | Webhook Dispatcher Agent started
2026-04-23 23:34:39 | INFO     | Input: C:\dev\AI_Employee_Vault\In_Progress
2026-04-23 23:34:39 | INFO     | Plans: C:\dev\AI_Employee_Vault\Plans
2026-04-23 23:34:39 | INFO     | Webhook: http://localhost:8000/webhook
2026-04-23 23:34:39 | INFO     | Done: C:\dev\AI_Employee_Vault\Done
2026-04-23 23:34:39 | INFO     | Failed: C:\dev\AI_Employee_Vault\Failed
2026-04-23 23:34:39 | INFO     | ============================================================
2026-04-23 23:34:39 | INFO     | No tasks found in In_Progress directory
2026-04-23 23:35:09 | INFO     | ============================================================
2026-04-23 23:35:09 | INFO     | Webhook Dispatcher Agent started
2026-04-23 23:35:09 | INFO     | Input: C:\dev\AI_Employee_Vault\In_Progress
2026-04-23 23:35:09 | INFO     | Plans: C:\dev\AI_Employee_Vault\Plans
2026-04-23 23:35:09 | INFO     | Webhook: http://localhost:8000/webhook
2026-04-23 23:35:09 | INFO     | Done: C:\dev\AI_Employee_Vault\Done
2026-04-23 23:35:09 | INFO     | Failed: C:\dev\AI_Employee_Vault\Failed
2026-04-23 23:35:09 | INFO     | ============================================================
2026-04-23 23:35:09 | INFO     | No tasks found in In_Progress directory
2026-04-23 23:35:40 | INFO     | ============================================================
2026-04-23 23:35:40 | INFO     | Webhook Dispatcher Agent started
2026-04-23 23:35:40 | INFO     | Input: C:\dev\AI_Employee_Vault\In_Progress
2026-04-23 23:35:40 | INFO     | Plans: C:\dev\AI_Employee_Vault\Plans
2026-04-23 23:35:40 | INFO     | Webhook: http://localhost:8000/webhook
2026-04-23 23:35:40 | INFO     | Done: C:\dev\AI_Employee_Vault\Done
2026-04-23 23:35:40 | INFO     | Failed: C:\dev\AI_Employee_Vault\Failed
2026-04-23 23:35:40 | INFO     | ============================================================
2026-04-23 23:35:40 | INFO     | No tasks found in In_Progress directory
2026-04-23 23:36:10 | INFO     | ============================================================
2026-04-23 23:36:10 | INFO     | Webhook Dispatcher Agent started
2026-04-23 23:36:10 | INFO     | Input: C:\dev\AI_Employee_Vault\In_Progress
2026-04-23 23:36:10 | INFO     | Plans: C:\dev\AI_Employee_Vault\Plans
2026-04-23 23:36:10 | INFO     | Webhook: http://localhost:8000/webhook
2026-04-23 23:36:10 | INFO     | Done: C:\dev\AI_Employee_Vault\Done
2026-04-23 23:36:10 | INFO     | Failed: C:\dev\AI_Employee_Vault\Failed
2026-04-23 23:36:10 | INFO     | ============================================================
2026-04-23 23:36:10 | INFO     | No tasks found in In_Progress directory
2026-04-23 23:36:41 | INFO     | ============================================================
2026-04-23 23:36:41 | INFO     | Webhook Dispatcher Agent started
2026-04-23 23:36:41 | INFO     | Input: C:\dev\AI_Employee_Vault\In_Progress
2026-04-23 23:36:41 | INFO     | Plans: C:\dev\AI_Employee_Vault\Plans
2026-04-23 23:36:41 | INFO     | Webhook: http://localhost:8000/webhook
2026-04-23 23:36:41 | INFO     | Done: C:\dev\AI_Employee_Vault\Done
2026-04-23 23:36:41 | INFO     | Failed: C:\dev\AI_Employee_Vault\Failed
2026-04-23 23:36:41 | INFO     | ============================================================
2026-04-23 23:36:41 | INFO     | No tasks found in In_Progress directory
2026-04-23 23:37:12 | INFO     | ============================================================
2026-04-23 23:37:12 | INFO     | Webhook Dispatcher Agent started
2026-04-23 23:37:12 | INFO     | Input: C:\dev\AI_Employee_Vault\In_Progress
2026-04-23 23:37:12 | INFO     | Plans: C:\dev\AI_Employee_Vault\Plans
2026-04-23 23:37:12 | INFO     | Webhook: http://localhost:8000/webhook
2026-04-23 23:37:12 | INFO     | Done: C:\dev\AI_Employee_Vault\Done
2026-04-23 23:37:12 | INFO     | Failed: C:\dev\AI_Employee_Vault\Failed
2026-04-23 23:37:12 | INFO     | ============================================================
2026-04-23 23:37:12 | INFO     | No tasks found in In_Progress directory
2026-04-23 23:37:42 | INFO     | ============================================================
2026-04-23 23:37:42 | INFO     | Webhook Dispatcher Agent started
2026-04-23 23:37:42 | INFO     | Input: C:\dev\AI_Employee_Vault\In_Progress
2026-04-23 23:37:42 | INFO     | Plans: C:\dev\AI_Employee_Vault\Plans
2026-04-23 23:37:42 | INFO     | Webhook: http://localhost:8000/webhook
2026-04-23 23:37:42 | INFO     | Done: C:\dev\AI_Employee_Vault\Done
2026-04-23 23:37:42 | INFO     | Failed: C:\dev\AI_Employee_Vault\Failed
2026-04-23 23:37:42 | INFO     | ============================================================
2026-04-23 23:37:42 | INFO     | No tasks found in In_Progress directory
2026-04-23 23:38:13 | INFO     | ============================================================
2026-04-23 23:38:13 | INFO     | Webhook Dispatcher Agent started
2026-04-23 23:38:13 | INFO     | Input: C:\dev\AI_Employee_Vault\In_Progress
2026-04-23 23:38:13 | INFO     | Plans: C:\dev\AI_Employee_Vault\Plans
2026-04-23 23:38:13 | INFO     | Webhook: http://localhost:8000/webhook
2026-04-23 23:38:13 | INFO     | Done: C:\dev\AI_Employee_Vault\Done
2026-04-23 23:38:13 | INFO     | Failed: C:\dev\AI_Employee_Vault\Failed
2026-04-23 23:38:13 | INFO     | ============================================================
2026-04-23 23:38:13 | INFO     | No tasks found in In_Progress directory
